group,trial_id,timepoint,freezing_before,freezing_after,difference
real,B15MDT1,1368.0,1.0,0.06666666666666667,0.9333333333333333
real,B17MDT4,1865.0,1.0,0.2,0.8
real,B17MDT6,1157.0,0.36666666666666664,0.03333333333333333,0.3333333333333333
real,B10MST4,782.0,1.0,0.0,1.0
real,B20MST6,348.0,0.9666666666666667,0.8333333333333334,0.1333333333333333
real,B2MST3,619.0,0.43333333333333335,0.06666666666666667,0.3666666666666667
real,B7MST2,338.0,0.8333333333333334,0.03333333333333333,0.8
random,B17MST3,1759.0,0.9,0.9666666666666667,-0.06666666666666665
random,B8MDT2,1594.0,0.6333333333333333,1.0,-0.3666666666666667
random,B8MST1,766.0,1.0,0.5,0.5
random,B6MDT2,630.0,0.4,1.0,-0.6
random,B3MST1,774.0,0.03333333333333333,0.7333333333333333,-0.7
random,B12MDT2,900.0,0.6,0.8666666666666667,-0.2666666666666667
random,B6MDT5,864.0,0.9333333333333333,0.13333333333333333,0.8
random,B2MDT3,1029.0,1.0,0.4,0.6
random,B13MST7,718.0,0.2,1.0,-0.8
random,B15MDT1,617.0,0.16666666666666666,1.0,-0.8333333333333334
random,B7MST2,422.0,0.5333333333333333,1.0,-0.4666666666666667
random,B12MDT6,1183.0,0.9333333333333333,1.0,-0.06666666666666665
random,B17MDT4,1254.0,1.0,1.0,0.0
random,B6MDT3,824.0,1.0,1.0,0.0
random,B8MST1,1202.0,0.13333333333333333,0.6666666666666666,-0.5333333333333333
random,B6MDT4,874.0,0.7333333333333333,1.0,-0.2666666666666667
random,B12MDT6,1426.0,1.0,0.16666666666666666,0.8333333333333334
random,B15MDT1,1312.0,1.0,1.0,0.0
random,B12MDT6,1089.0,1.0,1.0,0.0
random,B12MDT6,1370.0,0.9666666666666667,1.0,-0.033333333333333326
random,B17MDT4,1211.0,0.8333333333333334,1.0,-0.16666666666666663
random,B9MST2,656.0,0.4666666666666667,0.23333333333333334,0.23333333333333334
random,B18MST6,815.0,0.5333333333333333,0.0,0.5333333333333333
random,B4MDT5,989.0,0.23333333333333334,1.0,-0.7666666666666666
random,B13MST7,679.0,0.3333333333333333,0.23333333333333334,0.09999999999999998
random,B4MDT5,1028.0,1.0,0.8333333333333334,0.16666666666666663
random,B15MDT1,754.0,1.0,1.0,0.0
random,B10MST4,1707.0,1.0,0.2,0.8
random,B12MDT6,1422.0,1.0,0.3,0.7
random,B20MST6,887.0,0.13333333333333333,0.26666666666666666,-0.13333333333333333
random,B14MST2,1393.0,0.26666666666666666,1.0,-0.7333333333333334
random,B10MST4,744.0,0.5,1.0,-0.5
random,B4MDT5,775.0,0.4666666666666667,0.5333333333333333,-0.06666666666666665
random,B17MST6,1324.0,1.0,0.3,0.7
random,B7MST2,1228.0,1.0,1.0,0.0
random,B5MST1,555.0,0.7333333333333333,0.43333333333333335,0.29999999999999993
random,B11MST3,1562.0,0.03333333333333333,1.0,-0.9666666666666667
random,B8MDT1,394.0,1.0,0.06666666666666667,0.9333333333333333
random,B18MDT6,1552.0,0.4666666666666667,0.03333333333333333,0.43333333333333335
random,B17MDT3,734.0,0.7333333333333333,1.0,-0.2666666666666667
random,B17MST3,1745.0,0.43333333333333335,1.0,-0.5666666666666667
random,B13MST6,1631.0,0.26666666666666666,1.0,-0.7333333333333334
random,B20MDT6,1831.0,1.0,0.16666666666666666,0.8333333333333334
random,B12MDT6,845.0,1.0,0.03333333333333333,0.9666666666666667
random,B8MDT1,377.0,1.0,0.6333333333333333,0.3666666666666667
random,B7MST2,1182.0,0.7333333333333333,1.0,-0.2666666666666667
random,B12MDT2,1717.0,0.4666666666666667,0.6333333333333333,-0.16666666666666663
random,B15MDT1,1058.0,1.0,1.0,0.0
random,B18MST5,625.0,0.03333333333333333,0.7333333333333333,-0.7
random,B18MST5,633.0,0.3,0.4666666666666667,-0.16666666666666669
random,B12MDT6,1150.0,0.9666666666666667,0.8333333333333334,0.1333333333333333
random,B8MST2,377.0,0.6666666666666666,0.9666666666666667,-0.30000000000000004
random,B12MDT2,900.0,0.6,0.8666666666666667,-0.2666666666666667
random,B17MST4,1618.0,0.3333333333333333,1.0,-0.6666666666666667
random,B14MST2,456.0,1.0,1.0,0.0
random,B12MDT6,1164.0,0.8,1.0,-0.19999999999999996
random,B6MST3,1105.0,0.3333333333333333,0.13333333333333333,0.19999999999999998
random,B18MST6,515.0,0.7,0.5,0.19999999999999996
random,B12MDT6,1187.0,1.0,1.0,0.0
random,B15MDT1,1313.0,1.0,1.0,0.0
random,B14MST2,1505.0,1.0,1.0,0.0
random,B13MST7,874.0,1.0,0.03333333333333333,0.9666666666666667
random,B8MDT2,1628.0,1.0,0.3333333333333333,0.6666666666666667
random,B10MDT4,1114.0,0.23333333333333334,0.26666666666666666,-0.033333333333333326
random,B10MDT7,1006.0,0.8333333333333334,0.6666666666666666,0.16666666666666674
random,B17MDT4,1855.0,0.9666666666666667,0.5333333333333333,0.43333333333333335
random,B12MDT6,1104.0,1.0,1.0,0.0
random,B15MDT1,851.0,1.0,1.0,0.0
random,B16MST7,333.0,0.06666666666666667,0.36666666666666664,-0.3
random,B17MDT4,1120.0,1.0,1.0,0.0
random,B10MDT4,1118.0,0.36666666666666664,0.13333333333333333,0.2333333333333333
random,B14MST2,1436.0,1.0,1.0,0.0
random,B15MDT1,1012.0,1.0,1.0,0.0
random,B20MDT6,1808.0,0.3,0.9333333333333333,-0.6333333333333333
random,B15MDT1,1182.0,1.0,1.0,0.0
random,B18MDT5,1482.0,0.8,0.3,0.5
random,B6MDT2,663.0,1.0,0.7333333333333333,0.2666666666666667
random,B3MST1,776.0,0.1,0.6666666666666666,-0.5666666666666667
random,B8MST2,360.0,0.1,1.0,-0.9
random,B6MDT4,863.0,0.36666666666666664,1.0,-0.6333333333333333
random,B20MDT6,515.0,0.36666666666666664,0.6333333333333333,-0.26666666666666666
random,B7MST2,1192.0,1.0,1.0,0.0
random,B15MDT1,879.0,1.0,1.0,0.0
random,B6MDT4,1037.0,0.43333333333333335,0.0,0.43333333333333335
random,B12MDT6,1499.0,0.6666666666666666,1.0,-0.33333333333333337
random,B17MST4,1624.0,0.5333333333333333,0.9666666666666667,-0.43333333333333335
random,B14MST2,490.0,1.0,1.0,0.0
random,B6MDT3,664.0,0.8666666666666667,0.5333333333333333,0.33333333333333337
random,B18MDT6,1545.0,0.23333333333333334,0.26666666666666666,-0.033333333333333326
random,B4MDT5,783.0,0.7333333333333333,0.26666666666666666,0.4666666666666666
random,B17MDT4,1062.0,1.0,1.0,0.0
random,B8MST2,383.0,0.8666666666666667,0.7666666666666667,0.09999999999999998
random,B19MST9,1284.0,0.06666666666666667,0.9333333333333333,-0.8666666666666667
random,B5MST2,498.0,0.9333333333333333,1.0,-0.06666666666666665
random,B6MDT3,677.0,0.9666666666666667,0.2,0.7666666666666666
random,B6MDT4,1033.0,0.3333333333333333,0.1,0.2333333333333333
random,B17MDT4,1188.0,0.3,1.0,-0.7
random,B11MST3,541.0,0.4,0.8333333333333334,-0.43333333333333335
random,B12MDT2,1713.0,0.3333333333333333,0.7666666666666667,-0.4333333333333334
random,B17MDT4,1208.0,0.7333333333333333,1.0,-0.2666666666666667
random,B7MST2,1172.0,0.4,1.0,-0.6
random,B13MST7,744.0,1.0,0.8333333333333334,0.16666666666666663
random,B17MDT4,1161.0,1.0,0.3,0.7
random,B14MST2,594.0,1.0,0.06666666666666667,0.9333333333333333
random,B17MDT4,1560.0,1.0,0.6,0.4
random,B12MDT6,1484.0,0.16666666666666666,1.0,-0.8333333333333334
random,B6MDT5,726.0,0.23333333333333334,0.13333333333333333,0.1
random,B17MST6,1412.0,0.8,0.23333333333333334,0.5666666666666667
random,B15MDT1,888.0,1.0,1.0,0.0
random,B6MDT4,1024.0,0.03333333333333333,0.4,-0.3666666666666667
random,B17MDT4,1010.0,0.9333333333333333,0.9333333333333333,0.0
random,B18MST5,1082.0,0.5666666666666667,0.5333333333333333,0.033333333333333326
random,B13MST6,1657.0,1.0,0.7,0.30000000000000004
random,B14MST2,1407.0,0.7333333333333333,1.0,-0.2666666666666667
random,B12MDT2,1708.0,0.16666666666666666,0.9333333333333333,-0.7666666666666667
random,B6MDT3,677.0,0.9666666666666667,0.2,0.7666666666666666
random,B3MST1,782.0,0.3,0.4666666666666667,-0.16666666666666669
random,B17MST6,1298.0,0.8333333333333334,1.0,-0.16666666666666663
random,B10MDT7,1060.0,1.0,0.03333333333333333,0.9666666666666667
random,B15MDT1,748.0,1.0,1.0,0.0
random,B15MDT1,698.0,1.0,1.0,0.0
random,B14MST2,394.0,0.6666666666666666,1.0,-0.33333333333333337
random,B11MST3,391.0,0.8666666666666667,0.5,0.3666666666666667
random,B13MST7,818.0,1.0,1.0,0.0
random,B12MDT6,809.0,0.9,1.0,-0.09999999999999998
random,B15MDT1,724.0,1.0,1.0,0.0
random,B18MST6,766.0,0.1,0.26666666666666666,-0.16666666666666666
random,B20MDT6,447.0,0.3,0.4666666666666667,-0.16666666666666669
random,B12MDT6,1072.0,0.6,1.0,-0.4
random,B15MDT1,787.0,1.0,1.0,0.0
random,B4MDT5,1495.0,0.6666666666666666,1.0,-0.33333333333333337
random,B7MST2,421.0,0.5,1.0,-0.5
random,B15MDT1,799.0,1.0,1.0,0.0
random,B13MDT2,1925.0,0.23333333333333334,1.0,-0.7666666666666666
random,B7MST2,1195.0,1.0,1.0,0.0
random,B5MDT1,831.0,1.0,0.8333333333333334,0.16666666666666663
random,B11MDT3,1367.0,1.0,0.4666666666666667,0.5333333333333333
random,B5MST2,526.0,1.0,0.5333333333333333,0.4666666666666667
random,B6MDT3,807.0,1.0,1.0,0.0
random,B11MDT3,1176.0,0.1,1.0,-0.9
random,B10MST4,1894.0,1.0,0.0,1.0
random,B13MST7,845.0,1.0,1.0,0.0
random,B12MDT6,919.0,0.4,0.7666666666666667,-0.3666666666666667
random,B15MDT1,1144.0,1.0,1.0,0.0
random,B15MDT1,1062.0,1.0,1.0,0.0
random,B7MST2,1233.0,1.0,1.0,0.0
random,B15MDT1,1647.0,0.5666666666666667,0.3,0.26666666666666666
random,B12MDT2,1729.0,0.8666666666666667,0.23333333333333334,0.6333333333333333
random,B4MDT5,1191.0,1.0,0.7,0.30000000000000004
random,B12MDT6,819.0,1.0,0.9,0.09999999999999998
random,B6MDT2,659.0,1.0,0.8666666666666667,0.1333333333333333
random,B10MST4,1798.0,1.0,1.0,0.0
random,B12MDT6,1225.0,1.0,0.06666666666666667,0.9333333333333333
random,B5MST1,561.0,0.9333333333333333,0.23333333333333334,0.7
random,B15MDT1,668.0,1.0,1.0,0.0
random,B12MDT6,1488.0,0.3,1.0,-0.7
random,B5MST1,446.0,0.5333333333333333,0.0,0.5333333333333333
random,B17MST4,1650.0,1.0,0.1,0.9
random,B10MDT7,1002.0,0.7,0.6666666666666666,0.033333333333333326
random,B15MDT1,1101.0,1.0,1.0,0.0
random,B10MST4,1681.0,0.4666666666666667,1.0,-0.5333333333333333
random,B7MST2,410.0,0.13333333333333333,1.0,-0.8666666666666667
random,B11MDT3,1203.0,1.0,0.23333333333333334,0.7666666666666666
random,B6MDT4,1025.0,0.06666666666666667,0.36666666666666664,-0.3
random,B10MST4,636.0,0.8,1.0,-0.19999999999999996
random,B19MST9,1311.0,0.9666666666666667,0.03333333333333333,0.9333333333333333
random,B17MDT4,1613.0,1.0,0.43333333333333335,0.5666666666666667
random,B12MDT2,911.0,0.7,0.5,0.19999999999999996
random,B5MST1,440.0,0.3333333333333333,0.2,0.1333333333333333
random,B7MST2,990.0,0.16666666666666666,0.06666666666666667,0.09999999999999999
random,B8MST1,770.0,1.0,0.36666666666666664,0.6333333333333333
random,B20MST6,322.0,0.1,1.0,-0.9
random,B15MST1,1825.0,0.6333333333333333,0.03333333333333333,0.6
random,B2MDT3,1040.0,1.0,0.06666666666666667,0.9333333333333333
random,B19MDT9,948.0,1.0,1.0,0.0
random,B15MDT1,1075.0,1.0,1.0,0.0
random,B11MDT3,1351.0,0.7,1.0,-0.30000000000000004
random,B5MDT1,839.0,1.0,0.5666666666666667,0.43333333333333335
random,B18MDT5,1461.0,0.1,1.0,-0.9
random,B13MST7,686.0,0.5666666666666667,0.13333333333333333,0.43333333333333335
random,B19MDT9,1019.0,0.9666666666666667,0.0,0.9666666666666667
random,B12MDT2,915.0,0.7,0.36666666666666664,0.3333333333333333
random,B17MDT3,547.0,1.0,1.0,0.0
random,B15MDT1,720.0,1.0,1.0,0.0
random,B15MDT1,1761.0,0.5333333333333333,0.0,0.5333333333333333
random,B6MDT5,851.0,0.5,0.5666666666666667,-0.06666666666666665
random,B4MDT5,1722.0,1.0,1.0,0.0
random,B18MST6,520.0,0.8666666666666667,0.3333333333333333,0.5333333333333334
random,B13MST7,720.0,0.26666666666666666,1.0,-0.7333333333333334
random,B12MDT6,1162.0,0.8,1.0,-0.19999999999999996
random,B15MDT1,1276.0,1.0,1.0,0.0
random,B6MDT4,862.0,0.3333333333333333,1.0,-0.6666666666666667
random,B14MST2,1404.0,0.6333333333333333,1.0,-0.3666666666666667
random,B17MST6,1405.0,0.5666666666666667,0.4666666666666667,0.09999999999999998
random,B7MST2,1167.0,0.23333333333333334,1.0,-0.7666666666666666
random,B11MST3,561.0,1.0,0.5333333333333333,0.4666666666666667
random,B15MDT1,1214.0,1.0,1.0,0.0
random,B13MDT2,1942.0,0.8,0.5333333333333333,0.2666666666666667
random,B15MDT1,867.0,1.0,1.0,0.0
random,B5MDT2,811.0,0.7666666666666667,1.0,-0.23333333333333328
random,B8MDT1,320.0,0.43333333333333335,1.0,-0.5666666666666667
random,B15MDT1,1329.0,1.0,1.0,0.0
random,B15MST1,1922.0,0.36666666666666664,0.06666666666666667,0.3
random,B15MDT1,931.0,1.0,1.0,0.0
random,B2MST3,493.0,0.9,0.9666666666666667,-0.06666666666666665
random,B14MST2,1459.0,1.0,1.0,0.0
random,B17MST3,1760.0,0.9333333333333333,0.9333333333333333,0.0
random,B12MDT6,1127.0,1.0,0.8,0.19999999999999996
random,B7MST2,989.0,0.13333333333333333,0.1,0.033333333333333326
random,B17MDT3,807.0,1.0,0.06666666666666667,0.9333333333333333
random,B13MST7,814.0,1.0,1.0,0.0
random,B19MDT9,1008.0,1.0,0.3333333333333333,0.6666666666666667
random,B2MST3,510.0,1.0,0.4,0.6
random,B19MST9,1293.0,0.36666666666666664,0.6333333333333333,-0.26666666666666666
random,B12MDT6,1514.0,1.0,1.0,0.0
random,B17MDT3,587.0,1.0,1.0,0.0
random,B17MDT3,488.0,1.0,1.0,0.0
random,B4MDT5,1545.0,1.0,0.26666666666666666,0.7333333333333334
random,B7MST2,1243.0,1.0,1.0,0.0
random,B15MDT1,1230.0,1.0,1.0,0.0
random,B17MDT6,1148.0,0.06666666666666667,0.3333333333333333,-0.26666666666666666
random,B8MDT1,352.0,1.0,1.0,0.0
random,B6MDT2,627.0,0.3,1.0,-0.7
random,B6MDT2,683.0,1.0,0.06666666666666667,0.9333333333333333
random,B11MST3,439.0,0.1,0.3,-0.19999999999999998
random,B17MDT3,914.0,0.43333333333333335,0.4,0.033333333333333326
random,B20MDT6,1804.0,0.16666666666666666,1.0,-0.8333333333333334
random,B5MST1,438.0,0.26666666666666666,0.26666666666666666,0.0
random,B17MDT4,1267.0,1.0,0.7333333333333333,0.2666666666666667
random,B6MDT3,669.0,1.0,0.43333333333333335,0.5666666666666667
random,B10MST4,771.0,1.0,0.36666666666666664,0.6333333333333333
random,B8MST1,1219.0,0.7,0.1,0.6
random,B4MDT5,1683.0,0.8,1.0,-0.19999999999999996
random,B12MDT6,1518.0,1.0,1.0,0.0
random,B6MDT2,650.0,1.0,1.0,0.0
random,B2MST3,482.0,0.9,1.0,-0.09999999999999998
random,B4MDT5,1756.0,1.0,0.26666666666666666,0.7333333333333334
random,B12MDT6,1560.0,1.0,0.23333333333333334,0.7666666666666666
random,B15MST1,355.0,1.0,0.9333333333333333,0.06666666666666665
random,B15MDT1,914.0,1.0,1.0,0.0
random,B10MST4,1887.0,1.0,0.23333333333333334,0.7666666666666666
random,B6MDT4,1911.0,0.5333333333333333,0.8666666666666667,-0.33333333333333337
random,B15MST1,410.0,0.7333333333333333,0.4666666666666667,0.2666666666666666
random,B2MST3,889.0,0.43333333333333335,0.2,0.23333333333333334
random,B17MST4,1640.0,1.0,0.43333333333333335,0.5666666666666667
random,B11MST3,536.0,0.23333333333333334,1.0,-0.7666666666666666
random,B11MDT3,1057.0,1.0,0.13333333333333333,0.8666666666666667
random,B14MDT2,1091.0,0.2,0.9,-0.7
random,B7MST2,1175.0,0.5,1.0,-0.5
random,B15MDT1,1013.0,1.0,1.0,0.0
random,B15MST1,326.0,0.03333333333333333,1.0,-0.9666666666666667
random,B18MST6,770.0,0.23333333333333334,0.16666666666666666,0.06666666666666668
random,B17MDT3,577.0,1.0,1.0,0.0
random,B13MST7,740.0,0.9333333333333333,0.9666666666666667,-0.033333333333333326
random,B17MDT3,792.0,1.0,0.5666666666666667,0.43333333333333335
random,B11MST4,1144.0,1.0,0.23333333333333334,0.7666666666666666
random,B4MDT5,1053.0,0.8333333333333334,1.0,-0.16666666666666663
random,B14MST2,447.0,1.0,1.0,0.0
random,B19MDT9,998.0,1.0,0.6666666666666666,0.33333333333333337
random,B17MDT4,1211.0,0.8333333333333334,1.0,-0.16666666666666663
random,B10MST4,1678.0,0.36666666666666664,1.0,-0.6333333333333333
random,B12MDT6,1524.0,1.0,1.0,0.0
random,B6MDT4,1930.0,1.0,0.23333333333333334,0.7666666666666666
random,B8MDT1,351.0,1.0,1.0,0.0
random,B15MDT1,1343.0,1.0,0.9,0.09999999999999998
random,B7MST2,510.0,0.6,0.36666666666666664,0.23333333333333334
random,B4MST5,1863.0,0.5,0.4,0.09999999999999998
random,B13MST7,858.0,1.0,0.5666666666666667,0.43333333333333335
random,B17MDT4,1161.0,1.0,0.3,0.7
random,B15MDT1,1253.0,1.0,1.0,0.0
random,B8MDT1,328.0,0.7,1.0,-0.30000000000000004
random,B20MDT6,1817.0,0.6,0.6333333333333333,-0.033333333333333326
random,B2MST3,622.0,0.5,0.0,0.5
random,B17MDT3,548.0,1.0,1.0,0.0
random,B18MST6,807.0,0.26666666666666666,0.26666666666666666,0.0
random,B15MDT1,1365.0,1.0,0.16666666666666666,0.8333333333333334
random,B15MDT1,778.0,1.0,1.0,0.0
random,B2MST3,490.0,0.9,1.0,-0.09999999999999998
random,B15MDT1,1289.0,1.0,1.0,0.0
random,B5MST2,498.0,0.9333333333333333,1.0,-0.06666666666666665
random,B4MDT5,1515.0,1.0,1.0,0.0
random,B13MST7,678.0,0.3,0.26666666666666666,0.033333333333333326
random,B7MDT4,763.0,0.9666666666666667,0.5,0.4666666666666667
random,B14MST2,464.0,1.0,1.0,0.0
random,B17MST6,1283.0,0.5,1.0,-0.5
random,B11MST3,1579.0,0.6,1.0,-0.4
random,B7MST2,445.0,1.0,0.23333333333333334,0.7666666666666666
random,B17MDT4,1621.0,1.0,0.16666666666666666,0.8333333333333334
random,B4MDT5,1734.0,1.0,1.0,0.0
random,B13MST7,873.0,1.0,0.06666666666666667,0.9333333333333333
random,B10MDT4,1119.0,0.4,0.1,0.30000000000000004
random,B19MST9,1304.0,0.7333333333333333,0.26666666666666666,0.4666666666666666
random,B11MST3,586.0,0.5333333333333333,0.7333333333333333,-0.19999999999999996
random,B20MST6,355.0,1.0,0.6,0.4
random,B20MDT6,1817.0,0.6,0.6333333333333333,-0.033333333333333326
random,B14MST2,413.0,1.0,1.0,0.0
random,B11MDT3,1372.0,1.0,0.3,0.7
random,B6MDT5,855.0,0.6333333333333333,0.43333333333333335,0.19999999999999996
random,B14MST2,377.0,0.1,1.0,-0.9
random,B14MST2,577.0,1.0,0.6333333333333333,0.3666666666666667
random,B12MDT6,834.0,1.0,0.4,0.6
random,B17MDT4,1140.0,1.0,0.8333333333333334,0.16666666666666663
random,B14MDT2,1103.0,0.6,0.5,0.09999999999999998
random,B5MST2,531.0,1.0,0.36666666666666664,0.6333333333333333
random,B5MST2,476.0,0.2,1.0,-0.8
random,B17MDT3,493.0,1.0,1.0,0.0
random,B14MST2,1484.0,1.0,1.0,0.0
random,B17MDT4,1091.0,1.0,1.0,0.0
random,B17MDT4,1197.0,0.36666666666666664,1.0,-0.6333333333333333
random,B15MDT1,843.0,1.0,1.0,0.0
random,B5MDT1,795.0,0.2,1.0,-0.8
random,B12MDT2,915.0,0.7,0.36666666666666664,0.3333333333333333
random,B19MDT9,970.0,1.0,1.0,0.0
random,B17MDT4,1249.0,1.0,1.0,0.0
random,B14MST2,400.0,0.8666666666666667,1.0,-0.1333333333333333
random,B17MDT4,1392.0,0.23333333333333334,0.7666666666666667,-0.5333333333333334
random,B15MDT1,1135.0,1.0,1.0,0.0
random,B10MST4,1690.0,0.7666666666666667,0.7666666666666667,0.0
random,B4MDT5,1119.0,1.0,1.0,0.0
random,B12MDT6,1381.0,1.0,1.0,0.0
random,B4MDT5,785.0,0.8,0.2,0.6000000000000001
random,B17MST4,1646.0,1.0,0.23333333333333334,0.7666666666666666
random,B4MDT5,1759.0,1.0,0.16666666666666666,0.8333333333333334
random,B15MDT1,1340.0,1.0,1.0,0.0
random,B17MST3,1789.0,0.9666666666666667,0.0,0.9666666666666667
random,B9MST2,643.0,0.03333333333333333,0.6666666666666666,-0.6333333333333333
random,B11MST3,551.0,0.7333333333333333,0.5333333333333333,0.19999999999999996
random,B15MDT1,1012.0,1.0,1.0,0.0
random,B4MDT5,1192.0,1.0,0.6666666666666666,0.33333333333333337
random,B17MDT4,1416.0,0.7666666666666667,0.6333333333333333,0.13333333333333341
random,B6MST3,1102.0,0.23333333333333334,0.23333333333333334,0.0
random,B18MDT5,1464.0,0.2,0.9,-0.7
random,B17MDT3,625.0,1.0,0.6666666666666666,0.33333333333333337
random,B15MST1,348.0,0.7666666666666667,1.0,-0.23333333333333328
random,B4MDT5,1512.0,1.0,1.0,0.0
random,B6MDT5,859.0,0.7666666666666667,0.3,0.46666666666666673
random,B14MST2,1434.0,1.0,1.0,0.0
random,B17MDT3,755.0,1.0,1.0,0.0
random,B8MDT2,1594.0,0.6333333333333333,1.0,-0.3666666666666667
random,B17MST6,1416.0,0.9333333333333333,0.1,0.8333333333333334
random,B20MST6,345.0,0.8666666666666667,0.9333333333333333,-0.06666666666666665
random,B6MDT3,839.0,1.0,1.0,0.0
random,B17MST6,1301.0,0.8333333333333334,1.0,-0.16666666666666663
random,B6MDT4,1915.0,0.6666666666666666,0.7333333333333333,-0.06666666666666665
random,B20MST6,338.0,0.6333333333333333,1.0,-0.3666666666666667
random,B15MDT1,778.0,1.0,1.0,0.0
random,B5MST2,475.0,0.16666666666666666,1.0,-0.8333333333333334
random,B15MST1,1917.0,0.2,0.23333333333333334,-0.033333333333333326
random,B15MDT1,1756.0,0.4,0.13333333333333333,0.2666666666666667
random,B18MST3,456.0,1.0,0.06666666666666667,0.9333333333333333
random,B12MDT6,1226.0,1.0,0.03333333333333333,0.9666666666666667
random,B6MST3,1108.0,0.43333333333333335,0.03333333333333333,0.4
random,B12MDT6,833.0,1.0,0.43333333333333335,0.5666666666666667
random,B12MDT6,1134.0,1.0,0.8,0.19999999999999996
random,B17MDT4,1261.0,1.0,0.9333333333333333,0.06666666666666665
random,B8MDT1,330.0,0.7666666666666667,1.0,-0.23333333333333328
random,B5MST2,1240.0,0.16666666666666666,0.16666666666666666,0.0
random,B4MST5,1860.0,0.4,0.5,-0.09999999999999998
random,B12MDT6,1528.0,1.0,1.0,0.0
random,B4MST5,1850.0,0.06666666666666667,0.8333333333333334,-0.7666666666666667
random,B17MDT4,1102.0,1.0,1.0,0.0
random,B17MDT3,732.0,0.6666666666666666,1.0,-0.33333333333333337
random,B17MDT4,1850.0,0.8,0.7,0.10000000000000009
random,B7MST2,422.0,0.5333333333333333,1.0,-0.4666666666666667
random,B8MDT1,374.0,1.0,0.7333333333333333,0.2666666666666667
random,B10MST4,525.0,0.7666666666666667,0.1,0.6666666666666667
random,B17MDT4,1560.0,1.0,0.6,0.4
random,B14MST2,560.0,1.0,1.0,0.0
random,B12MDT6,1134.0,1.0,0.8,0.19999999999999996
random,B2MST3,472.0,0.7333333333333333,0.9333333333333333,-0.20000000000000007
random,B18MST5,1092.0,0.9,0.2,0.7
random,B10MDT7,1012.0,1.0,0.6666666666666666,0.33333333333333337
random,B15MDT1,675.0,1.0,1.0,0.0
random,B13MST7,860.0,1.0,0.5,0.5
random,B12MDT6,1077.0,0.7666666666666667,1.0,-0.23333333333333328
random,B4MDT5,1124.0,1.0,1.0,0.0
random,B15MDT1,668.0,1.0,1.0,0.0
random,B11MST4,1599.0,0.3333333333333333,0.7333333333333333,-0.39999999999999997
random,B10MST4,1767.0,0.8333333333333334,1.0,-0.16666666666666663
random,B15MDT1,987.0,1.0,1.0,0.0
random,B4MDT5,990.0,0.26666666666666666,1.0,-0.7333333333333334
random,B13MST6,1654.0,1.0,0.7666666666666667,0.23333333333333328
random,B5MDT1,851.0,1.0,0.16666666666666666,0.8333333333333334
random,B2MDT3,991.0,0.06666666666666667,1.0,-0.9333333333333333
random,B15MDT1,1335.0,1.0,1.0,0.0
random,B13MST7,746.0,1.0,0.7666666666666667,0.23333333333333328
random,B17MDT4,1613.0,1.0,0.43333333333333335,0.5666666666666667
random,B17MDT3,780.0,1.0,0.9666666666666667,0.033333333333333326
random,B10MST4,774.0,1.0,0.26666666666666666,0.7333333333333334
random,B20MDT6,448.0,0.3333333333333333,0.43333333333333335,-0.10000000000000003
random,B18MDT5,1475.0,0.5666666666666667,0.5333333333333333,0.033333333333333326
random,B11MDT3,1050.0,0.9333333333333333,0.36666666666666664,0.5666666666666667
random,B11MDT3,1379.0,1.0,0.06666666666666667,0.9333333333333333
random,B6MDT3,813.0,1.0,1.0,0.0
random,B18MST3,432.0,0.6,0.8666666666666667,-0.2666666666666667
random,B17MDT4,1089.0,1.0,1.0,0.0
random,B11MST4,1593.0,0.13333333333333333,0.9333333333333333,-0.8
random,B2MDT3,1015.0,0.8666666666666667,0.8666666666666667,0.0
random,B4MDT5,999.0,0.5666666666666667,1.0,-0.43333333333333335
random,B15MDT1,839.0,1.0,1.0,0.0
random,B8MST1,1217.0,0.6333333333333333,0.16666666666666666,0.4666666666666667
random,B17MDT4,1275.0,1.0,0.4666666666666667,0.5333333333333333
random,B10MST4,1858.0,0.8666666666666667,1.0,-0.1333333333333333
random,B4MDT5,1088.0,1.0,1.0,0.0
random,B10MST4,1877.0,1.0,0.5666666666666667,0.43333333333333335
random,B15MDT1,967.0,1.0,1.0,0.0
random,B17MST6,1272.0,0.3,0.8333333333333334,-0.5333333333333334
random,B13MST7,681.0,0.4,0.16666666666666666,0.23333333333333336
random,B17MDT3,569.0,1.0,1.0,0.0
random,B13MST6,1633.0,0.3333333333333333,0.9666666666666667,-0.6333333333333333
random,B15MDT1,1001.0,1.0,1.0,0.0
random,B2MST3,512.0,1.0,0.3333333333333333,0.6666666666666667
random,B10MDT7,1020.0,1.0,0.6666666666666666,0.33333333333333337
random,B17MDT4,1850.0,0.8,0.7,0.10000000000000009
random,B11MST4,1129.0,0.5666666666666667,0.7333333333333333,-0.16666666666666663
random,B17MDT3,456.0,0.26666666666666666,1.0,-0.7333333333333334
random,B15MDT1,1124.0,1.0,1.0,0.0
random,B12MDT6,916.0,0.3,0.8666666666666667,-0.5666666666666667
random,B17MDT3,486.0,1.0,1.0,0.0
random,B2MST3,552.0,0.16666666666666666,0.8,-0.6333333333333334
random,B9MST2,658.0,0.5333333333333333,0.16666666666666666,0.3666666666666667
random,B13MST7,838.0,1.0,1.0,0.0
random,B7MST2,1285.0,1.0,0.43333333333333335,0.5666666666666667
random,B18MDT5,1492.0,0.9666666666666667,0.0,0.9666666666666667
random,B12MDT6,1186.0,1.0,1.0,0.0
random,B17MDT3,624.0,1.0,0.7,0.30000000000000004
random,B8MDT1,359.0,1.0,1.0,0.0
random,B17MDT3,758.0,1.0,1.0,0.0
random,B8MDT1,1740.0,0.3,0.13333333333333333,0.16666666666666666
random,B5MDT2,416.0,0.43333333333333335,0.5333333333333333,-0.09999999999999998
random,B15MDT1,760.0,1.0,1.0,0.0
random,B12MDT6,1391.0,1.0,1.0,0.0
random,B13MST7,800.0,0.5333333333333333,1.0,-0.4666666666666667
random,B8MST1,778.0,1.0,0.1,0.9
random,B17MST3,1740.0,0.26666666666666666,1.0,-0.7333333333333334
random,B5MDT2,792.0,0.13333333333333333,1.0,-0.8666666666666667
random,B11MST4,499.0,0.7666666666666667,0.23333333333333334,0.5333333333333334
random,B10MST4,1823.0,1.0,0.8666666666666667,0.1333333333333333
random,B15MDT1,1197.0,1.0,1.0,0.0
random,B17MDT3,716.0,0.13333333333333333,1.0,-0.8666666666666667
random,B15MDT1,772.0,1.0,1.0,0.0
random,B15MDT1,756.0,1.0,1.0,0.0
random,B10MST4,1868.0,0.8666666666666667,0.8666666666666667,0.0
random,B12MDT6,1134.0,1.0,0.8,0.19999999999999996
random,B14MST2,453.0,1.0,1.0,0.0
random,B12MDT6,1400.0,1.0,1.0,0.0
random,B14MST2,462.0,1.0,1.0,0.0
random,B17MDT3,726.0,0.4666666666666667,1.0,-0.5333333333333333
random,B15MST1,1913.0,0.06666666666666667,0.36666666666666664,-0.3
random,B15MDT1,1197.0,1.0,1.0,0.0
random,B13MDT2,1792.0,0.4,0.13333333333333333,0.2666666666666667
random,B7MST2,1285.0,1.0,0.43333333333333335,0.5666666666666667
random,B8MDT1,1740.0,0.3,0.13333333333333333,0.16666666666666666
random,B12MDT6,1061.0,0.23333333333333334,1.0,-0.7666666666666666
random,B8MDT1,369.0,1.0,0.9,0.09999999999999998
random,B7MST2,330.0,0.5666666666666667,0.3,0.26666666666666666
random,B2MST3,459.0,0.3333333333333333,0.9,-0.5666666666666667
random,B11MDT3,1040.0,0.6,0.7,-0.09999999999999998
random,B13MST7,842.0,1.0,1.0,0.0
random,B17MDT4,1856.0,1.0,0.5,0.5
random,B17MDT3,494.0,1.0,1.0,0.0
random,B5MST1,558.0,0.8333333333333334,0.3333333333333333,0.5
random,B17MDT4,1078.0,1.0,1.0,0.0
random,B13MST6,1659.0,1.0,0.6333333333333333,0.3666666666666667
random,B10MST4,1825.0,1.0,0.8666666666666667,0.1333333333333333
random,B5MDT1,793.0,0.13333333333333333,1.0,-0.8666666666666667
random,B17MDT4,1190.0,0.3,1.0,-0.7
random,B4MDT5,1061.0,0.8333333333333334,1.0,-0.16666666666666663
random,B17MDT3,643.0,1.0,0.06666666666666667,0.9333333333333333
random,B10MDT4,1119.0,0.4,0.1,0.30000000000000004
random,B4MST5,1849.0,0.03333333333333333,0.8666666666666667,-0.8333333333333334
random,B15MDT1,1319.0,1.0,1.0,0.0
random,B12MDT6,1503.0,0.8,1.0,-0.19999999999999996
random,B5MDT2,432.0,0.9666666666666667,0.0,0.9666666666666667
random,B5MST1,565.0,1.0,0.1,0.9
random,B8MST1,753.0,0.9333333333333333,0.9333333333333333,0.0
random,B7MST2,1591.0,0.26666666666666666,0.43333333333333335,-0.16666666666666669
random,B17MDT3,779.0,1.0,1.0,0.0
random,B4MDT5,1074.0,0.8333333333333334,1.0,-0.16666666666666663
random,B13MST7,836.0,1.0,1.0,0.0
random,B8MST2,385.0,0.9333333333333333,0.7,0.2333333333333334
random,B12MDT6,1198.0,1.0,0.9666666666666667,0.033333333333333326
random,B10MST4,1894.0,1.0,0.0,1.0
random,B17MDT4,1215.0,0.9666666666666667,1.0,-0.033333333333333326
random,B15MDT1,1167.0,1.0,1.0,0.0
random,B15MDT1,652.0,1.0,1.0,0.0
random,B14MST2,391.0,0.5666666666666667,1.0,-0.43333333333333335
random,B12MDT2,883.0,0.3333333333333333,0.7,-0.36666666666666664
random,B19MDT9,982.0,1.0,1.0,0.0
random,B13MST7,722.0,0.3333333333333333,1.0,-0.6666666666666667
random,B2MDT3,1083.0,0.4666666666666667,0.2,0.26666666666666666
random,B18MST6,531.0,0.9666666666666667,0.0,0.9666666666666667
random,B12MDT6,785.0,0.1,1.0,-0.9
random,B5MST2,1174.0,0.7666666666666667,0.1,0.6666666666666667
random,B17MDT3,554.0,1.0,1.0,0.0
random,B15MDT1,911.0,1.0,1.0,0.0
random,B8MST2,404.0,1.0,0.06666666666666667,0.9333333333333333
random,B5MST2,542.0,1.0,0.0,1.0
random,B8MDT1,325.0,0.6,1.0,-0.4
random,B13MDT8,1011.0,0.13333333333333333,0.3333333333333333,-0.19999999999999998
random,B17MDT4,983.0,0.03333333333333333,1.0,-0.9666666666666667
random,B17MDT4,1118.0,1.0,1.0,0.0
random,B4MDT5,1140.0,1.0,1.0,0.0
random,B11MDT3,1060.0,1.0,0.03333333333333333,0.9666666666666667
random,B9MST2,647.0,0.16666666666666666,0.5333333333333333,-0.3666666666666667
random,B5MDT1,857.0,0.9666666666666667,0.0,0.9666666666666667
random,B15MDT1,1370.0,1.0,0.0,1.0
random,B17MDT4,1003.0,0.7,0.9333333333333333,-0.2333333333333334
random,B15MDT1,985.0,1.0,1.0,0.0
random,B14MDT2,1090.0,0.16666666666666666,0.9333333333333333,-0.7666666666666667
random,B2MST3,515.0,1.0,0.23333333333333334,0.7666666666666666
random,B7MST2,326.0,0.43333333333333335,0.43333333333333335,0.0
random,B12MDT6,830.0,1.0,0.5333333333333333,0.4666666666666667
random,B11MDT3,1351.0,0.7,1.0,-0.30000000000000004
random,B11MST3,530.0,0.03333333333333333,1.0,-0.9666666666666667
random,B17MST6,1297.0,0.8333333333333334,1.0,-0.16666666666666663
random,B14MST2,1426.0,1.0,1.0,0.0
random,B10MDT4,1121.0,0.4666666666666667,0.03333333333333333,0.43333333333333335
random,B15MST1,1914.0,0.1,0.3333333333333333,-0.2333333333333333
random,B15MDT1,1638.0,0.26666666666666666,0.6,-0.3333333333333333
random,B14MDT2,1089.0,0.13333333333333333,0.9666666666666667,-0.8333333333333334
random,B15MDT1,1349.0,1.0,0.7,0.30000000000000004
random,B18MDT5,1491.0,1.0,0.0,1.0
random,B15MDT1,746.0,1.0,1.0,0.0
random,B17MDT6,1154.0,0.26666666666666666,0.13333333333333333,0.13333333333333333
random,B6MDT3,659.0,0.7,0.5666666666666667,0.1333333333333333
random,B8MDT2,1591.0,0.5333333333333333,1.0,-0.4666666666666667
random,B4MDT5,1020.0,1.0,0.8333333333333334,0.16666666666666663
random,B12MDT6,1218.0,1.0,0.3,0.7
random,B8MDT1,396.0,1.0,0.0,1.0
random,B17MDT4,1030.0,0.9666666666666667,0.9666666666666667,0.0
random,B13MST7,858.0,1.0,0.5666666666666667,0.43333333333333335
random,B7MST2,1275.0,1.0,0.7666666666666667,0.23333333333333328
random,B14MST2,413.0,1.0,1.0,0.0
random,B17MDT4,1601.0,0.6,0.8333333333333334,-0.2333333333333334
random,B5MST1,562.0,0.9666666666666667,0.2,0.7666666666666666
random,B7MST2,430.0,0.8,0.7333333333333333,0.06666666666666676
random,B15MDT1,1255.0,1.0,1.0,0.0
random,B11MST3,405.0,1.0,0.03333333333333333,0.9666666666666667
random,B15MST1,1922.0,0.36666666666666664,0.06666666666666667,0.3
random,B17MST3,1750.0,0.6,1.0,-0.4
random,B6MDT2,681.0,1.0,0.13333333333333333,0.8666666666666667
random,B5MDT1,847.0,1.0,0.3,0.7
random,B12MDT6,808.0,0.8666666666666667,1.0,-0.1333333333333333
random,B6MDT3,775.0,0.06666666666666667,1.0,-0.9333333333333333
random,B20MDT6,1825.0,0.8666666666666667,0.36666666666666664,0.5
random,B17MDT3,628.0,1.0,0.5666666666666667,0.43333333333333335
random,B12MDT6,1538.0,1.0,0.9666666666666667,0.033333333333333326
random,B18MST3,432.0,0.6,0.8666666666666667,-0.2666666666666667
random,B15MST1,361.0,1.0,0.7333333333333333,0.2666666666666667
random,B6MDT3,850.0,1.0,1.0,0.0
random,B10MDT7,983.0,0.06666666666666667,1.0,-0.9333333333333333
random,B7MST2,334.0,0.7,0.16666666666666666,0.5333333333333333
random,B6MDT3,796.0,0.7666666666666667,1.0,-0.23333333333333328
random,B20MDT6,1828.0,0.9666666666666667,0.26666666666666666,0.7
random,B6MDT3,872.0,1.0,0.6,0.4
random,B14MST2,1398.0,0.43333333333333335,1.0,-0.5666666666666667
random,B15MDT1,1125.0,1.0,1.0,0.0
random,B14MDT2,1099.0,0.4666666666666667,0.6333333333333333,-0.16666666666666663
random,B12MDT2,925.0,0.9333333333333333,0.03333333333333333,0.9
random,B14MST2,1402.0,0.5666666666666667,1.0,-0.43333333333333335
random,B6MDT4,1031.0,0.26666666666666666,0.16666666666666666,0.1
random,B15MDT1,1863.0,0.13333333333333333,0.5333333333333333,-0.4
random,B5MDT2,407.0,0.13333333333333333,0.8333333333333334,-0.7000000000000001
random,B10MST4,1743.0,0.03333333333333333,1.0,-0.9666666666666667
random,B6MDT4,856.0,0.13333333333333333,1.0,-0.8666666666666667
random,B17MDT4,1603.0,0.6666666666666666,0.7666666666666667,-0.10000000000000009
random,B17MDT3,501.0,1.0,1.0,0.0
random,B18MDT6,1554.0,0.5,0.0,0.5
random,B4MDT5,1677.0,0.6,1.0,-0.4
random,B4MDT5,1746.0,1.0,0.6,0.4
random,B20MST6,328.0,0.3,1.0,-0.7
random,B11MST4,1609.0,0.6666666666666666,0.4,0.2666666666666666
random,B10MST4,627.0,0.5,1.0,-0.5
random,B20MDT6,1820.0,0.7,0.5333333333333333,0.16666666666666663
random,B3MST1,783.0,0.3333333333333333,0.43333333333333335,-0.10000000000000003
random,B13MST6,1651.0,0.9333333333333333,0.7666666666666667,0.16666666666666663
random,B4MDT5,1665.0,0.2,1.0,-0.8
random,B8MST2,377.0,0.6666666666666666,0.9666666666666667,-0.30000000000000004
random,B12MDT6,1495.0,0.5333333333333333,1.0,-0.4666666666666667
random,B7MST2,1604.0,0.7,0.0,0.7
random,B20MST6,335.0,0.5333333333333333,1.0,-0.4666666666666667
random,B5MST2,480.0,0.3333333333333333,1.0,-0.6666666666666667
random,B18MST4,1422.0,0.43333333333333335,0.0,0.43333333333333335
random,B14MDT2,1094.0,0.3,0.8,-0.5
random,B13MST7,743.0,1.0,0.8666666666666667,0.1333333333333333
random,B10MDT7,1058.0,0.9333333333333333,0.1,0.8333333333333334
random,B15MST1,404.0,0.7333333333333333,0.6666666666666666,0.06666666666666665
random,B12MDT6,1172.0,0.8,1.0,-0.19999999999999996
random,B4MDT5,1732.0,1.0,1.0,0.0
random,B6MDT3,585.0,0.6,0.06666666666666667,0.5333333333333333
random,B4MDT5,1666.0,0.23333333333333334,1.0,-0.7666666666666666
random,B4MDT5,1702.0,1.0,1.0,0.0
random,B18MDT5,1491.0,1.0,0.0,1.0
random,B6MDT5,721.0,0.06666666666666667,0.3,-0.23333333333333334
random,B17MDT4,1069.0,1.0,1.0,0.0
random,B14MST2,390.0,0.5333333333333333,1.0,-0.4666666666666667
random,B14MST2,1525.0,1.0,1.0,0.0
random,B11MST3,1585.0,0.8,0.8,0.0
random,B13MST6,1635.0,0.4,0.9,-0.5
random,B7MDT4,772.0,1.0,0.2,0.8
random,B17MST6,1274.0,0.36666666666666664,0.8333333333333334,-0.46666666666666673
random,B17MST6,1304.0,0.8333333333333334,0.9666666666666667,-0.1333333333333333
random,B15MDT1,1027.0,1.0,1.0,0.0
random,B4MDT5,1012.0,1.0,1.0,0.0
random,B15MDT1,638.0,0.8666666666666667,1.0,-0.1333333333333333
random,B7MDT4,774.0,1.0,0.13333333333333333,0.8666666666666667
random,B4MDT5,1747.0,1.0,0.5666666666666667,0.43333333333333335
random,B15MDT1,1311.0,1.0,1.0,0.0
random,B15MDT1,1002.0,1.0,1.0,0.0
random,B5MDT2,843.0,0.9666666666666667,0.0,0.9666666666666667
random,B13MST7,679.0,0.3333333333333333,0.23333333333333334,0.09999999999999998
random,B17MDT4,1021.0,1.0,0.9333333333333333,0.06666666666666665
random,B10MDT4,1117.0,0.3333333333333333,0.16666666666666666,0.16666666666666666
random,B7MST2,417.0,0.36666666666666664,1.0,-0.6333333333333333
random,B15MDT1,897.0,1.0,1.0,0.0
random,B14MST2,1501.0,1.0,1.0,0.0
random,B11MDT3,1340.0,0.3333333333333333,1.0,-0.6666666666666667
random,B11MST3,381.0,0.5333333333333333,0.8333333333333334,-0.30000000000000004
random,B6MDT3,863.0,1.0,0.9,0.09999999999999998
random,B11MST3,539.0,0.3333333333333333,0.9,-0.5666666666666667
random,B6MST3,1104.0,0.3,0.16666666666666666,0.13333333333333333
random,B11MST3,1563.0,0.06666666666666667,1.0,-0.9333333333333333
random,B17MDT4,1566.0,1.0,0.6,0.4
random,B12MDT6,805.0,0.7666666666666667,1.0,-0.23333333333333328
random,B17MDT3,907.0,0.2,0.6333333333333333,-0.4333333333333333
random,B14MST2,378.0,0.13333333333333333,1.0,-0.8666666666666667
random,B5MST1,545.0,0.4,0.7666666666666667,-0.3666666666666667
random,B7MST4,378.0,0.4,0.23333333333333334,0.16666666666666669
random,B6MDT2,659.0,1.0,0.8666666666666667,0.1333333333333333
random,B17MDT3,738.0,0.8666666666666667,1.0,-0.1333333333333333
random,B13MST7,834.0,1.0,1.0,0.0
random,B11MST3,392.0,0.9,0.4666666666666667,0.43333333333333335
random,B14MST2,493.0,1.0,1.0,0.0
random,B15MDT1,1088.0,1.0,1.0,0.0
random,B12MDT6,1137.0,1.0,0.8,0.19999999999999996
random,B12MDT6,926.0,0.6333333333333333,0.5333333333333333,0.09999999999999998
random,B15MDT1,1082.0,1.0,1.0,0.0
random,B18MST4,1410.0,0.06666666666666667,0.36666666666666664,-0.3
random,B6MDT4,918.0,1.0,0.3333333333333333,0.6666666666666667
random,B4MDT5,997.0,0.5,1.0,-0.5
random,B11MST4,497.0,0.7,0.3,0.39999999999999997
random,B5MDT2,811.0,0.7666666666666667,1.0,-0.23333333333333328
random,B11MST3,563.0,1.0,0.5333333333333333,0.4666666666666667
random,B12MDT6,1533.0,1.0,1.0,0.0
random,B5MDT1,802.0,0.43333333333333335,1.0,-0.5666666666666667
random,B11MST3,1600.0,1.0,0.3,0.7
random,B15MDT1,1010.0,1.0,1.0,0.0
random,B4MDT5,1731.0,1.0,1.0,0.0
random,B14MST2,1499.0,1.0,1.0,0.0
random,B15MDT1,745.0,1.0,1.0,0.0
random,B7MST2,1284.0,1.0,0.4666666666666667,0.5333333333333333
random,B4MDT5,1661.0,0.06666666666666667,1.0,-0.9333333333333333
random,B6MDT2,664.0,1.0,0.7,0.30000000000000004
random,B17MDT3,532.0,1.0,1.0,0.0
random,B12MDT6,1353.0,0.4,1.0,-0.6
random,B5MST2,1153.0,0.06666666666666667,0.8,-0.7333333333333334
random,B5MST4,1110.0,0.26666666666666666,0.06666666666666667,0.2
random,B17MDT4,1398.0,0.43333333333333335,0.7666666666666667,-0.33333333333333337
random,B15MDT1,1632.0,0.06666666666666667,0.8,-0.7333333333333334
random,B20MST6,337.0,0.6,1.0,-0.4
random,B6MDT5,861.0,0.8333333333333334,0.23333333333333334,0.6000000000000001
random,B2MDT3,1089.0,0.6666666666666666,0.0,0.6666666666666666
random,B3MDT1,357.0,0.43333333333333335,0.4,0.033333333333333326
random,B15MDT1,662.0,1.0,1.0,0.0
random,B6MDT2,632.0,0.4666666666666667,1.0,-0.5333333333333333
random,B19MDT9,945.0,0.9,1.0,-0.09999999999999998
random,B14MST2,519.0,1.0,1.0,0.0
random,B11MDT3,1196.0,0.7666666666666667,0.4666666666666667,0.30000000000000004
random,B14MST2,1414.0,0.9666666666666667,1.0,-0.033333333333333326
random,B12MDT6,1566.0,1.0,0.03333333333333333,0.9666666666666667
random,B17MDT4,1828.0,0.06666666666666667,1.0,-0.9333333333333333
random,B4MDT5,1503.0,0.9333333333333333,1.0,-0.06666666666666665
random,B17MDT3,461.0,0.43333333333333335,1.0,-0.5666666666666667
random,B11MST3,604.0,0.8,0.13333333333333333,0.6666666666666667
random,B15MDT1,1004.0,1.0,1.0,0.0
random,B12MDT6,1147.0,1.0,0.8,0.19999999999999996
random,B2MST3,619.0,0.43333333333333335,0.06666666666666667,0.3666666666666667
random,B15MDT1,1052.0,1.0,1.0,0.0
random,B13MST7,671.0,0.06666666666666667,0.5,-0.43333333333333335
random,B2MST3,607.0,0.13333333333333333,0.4666666666666667,-0.33333333333333337
random,B14MST2,411.0,1.0,1.0,0.0
random,B5MDT1,841.0,1.0,0.5,0.5
random,B15MDT1,1084.0,1.0,1.0,0.0
random,B2MST3,567.0,0.5333333333333333,0.43333333333333335,0.09999999999999998
random,B6MDT3,818.0,1.0,1.0,0.0
random,B14MST2,389.0,0.5,1.0,-0.5
random,B10MST4,1770.0,0.9333333333333333,1.0,-0.06666666666666665
random,B12MDT6,1407.0,1.0,0.8,0.19999999999999996
random,B15MDT1,1324.0,1.0,1.0,0.0
random,B10MST4,758.0,0.9666666666666667,0.8,0.16666666666666663
random,B15MDT1,1113.0,1.0,1.0,0.0
random,B17MDT3,743.0,1.0,1.0,0.0
random,B13MST7,749.0,1.0,0.6666666666666666,0.33333333333333337
random,B5MST1,350.0,0.13333333333333333,0.3,-0.16666666666666666
random,B17MST3,1758.0,0.8666666666666667,1.0,-0.1333333333333333
random,B15MDT1,1363.0,1.0,0.23333333333333334,0.7666666666666666
random,B4MST5,1859.0,0.36666666666666664,0.5333333333333333,-0.16666666666666669
random,B15MDT1,1073.0,1.0,1.0,0.0
random,B18MDT5,1459.0,0.03333333333333333,1.0,-0.9666666666666667
random,B3MDT1,355.0,0.36666666666666664,0.4666666666666667,-0.10000000000000003
random,B15MDT1,944.0,1.0,1.0,0.0
random,B13MDT2,1948.0,1.0,0.3333333333333333,0.6666666666666667
random,B7MST2,1883.0,0.1,0.16666666666666666,-0.06666666666666665
random,B6MDT5,866.0,1.0,0.06666666666666667,0.9333333333333333
random,B12MDT6,1056.0,0.06666666666666667,1.0,-0.9333333333333333
random,B11MDT3,1054.0,1.0,0.23333333333333334,0.7666666666666666
random,B20MDT6,1824.0,0.8333333333333334,0.4,0.43333333333333335
random,B13MST7,674.0,0.16666666666666666,0.4,-0.23333333333333336
random,B6MDT2,667.0,1.0,0.6,0.4
random,B6MDT3,646.0,0.26666666666666666,1.0,-0.7333333333333334
random,B5MDT2,405.0,0.06666666666666667,0.9,-0.8333333333333334
random,B7MST2,1254.0,1.0,1.0,0.0
random,B15MDT1,1338.0,1.0,1.0,0.0
random,B5MDT1,794.0,0.16666666666666666,1.0,-0.8333333333333334
random,B18MST3,420.0,0.2,1.0,-0.8
random,B6MDT5,862.0,0.8666666666666667,0.2,0.6666666666666667
random,B2MDT3,1000.0,0.36666666666666664,1.0,-0.6333333333333333
random,B17MDT4,1552.0,1.0,0.6333333333333333,0.3666666666666667
random,B4MST5,1855.0,0.23333333333333334,0.6666666666666666,-0.4333333333333333
random,B7MST2,1226.0,1.0,1.0,0.0
random,B8MST2,360.0,0.1,1.0,-0.9
random,B4MDT5,1211.0,1.0,0.03333333333333333,0.9666666666666667
random,B10MDT7,1038.0,0.6666666666666666,0.7666666666666667,-0.10000000000000009
random,B12MDT6,941.0,1.0,0.03333333333333333,0.9666666666666667
random,B6MDT3,670.0,1.0,0.4,0.6
random,B12MDT6,911.0,0.13333333333333333,1.0,-0.8666666666666667
random,B14MST2,384.0,0.3333333333333333,1.0,-0.6666666666666667
random,B11MST3,394.0,0.9666666666666667,0.4,0.5666666666666667
random,B5MST1,436.0,0.2,0.3333333333333333,-0.1333333333333333
random,B12MDT6,825.0,1.0,0.7,0.30000000000000004
random,B10MST4,1832.0,1.0,0.8666666666666667,0.1333333333333333
random,B15MDT1,1299.0,1.0,1.0,0.0
random,B4MDT5,1039.0,1.0,0.8333333333333334,0.16666666666666663
random,B6MDT4,1032.0,0.3,0.13333333333333333,0.16666666666666666
random,B15MDT1,725.0,1.0,1.0,0.0
random,B12MDT2,907.0,0.7,0.6333333333333333,0.06666666666666665
random,B11MDT3,1043.0,0.7,0.6,0.09999999999999998
random,B10MST4,520.0,0.6,0.26666666666666666,0.3333333333333333
random,B6MDT3,835.0,1.0,1.0,0.0
random,B10MST4,516.0,0.4666666666666667,0.4,0.06666666666666665
random,B20MST6,652.0,0.06666666666666667,0.3,-0.23333333333333334
random,B12MDT6,1551.0,1.0,0.5333333333333333,0.4666666666666667
random,B14MST2,464.0,1.0,1.0,0.0
random,B12MDT6,1074.0,0.6666666666666666,1.0,-0.33333333333333337
random,B14MST2,560.0,1.0,1.0,0.0
random,B15MDT1,1007.0,1.0,1.0,0.0
random,B10MDT4,1120.0,0.43333333333333335,0.06666666666666667,0.3666666666666667
random,B10MST4,749.0,0.6666666666666666,1.0,-0.33333333333333337
random,B5MST2,1156.0,0.16666666666666666,0.7,-0.5333333333333333
random,B15MDT1,949.0,1.0,1.0,0.0
random,B15MDT1,1129.0,1.0,1.0,0.0
random,B18MDT6,1544.0,0.2,0.3,-0.09999999999999998
random,B12MDT6,1145.0,1.0,0.8,0.19999999999999996
random,B4MDT5,1113.0,1.0,1.0,0.0
random,B2MST3,519.0,1.0,0.16666666666666666,0.8333333333333334
random,B15MDT1,658.0,1.0,1.0,0.0
random,B4MDT5,1525.0,1.0,0.9333333333333333,0.06666666666666665
random,B5MDT1,852.0,1.0,0.13333333333333333,0.8666666666666667
random,B10MST4,1778.0,1.0,1.0,0.0
random,B13MDT8,1015.0,0.26666666666666666,0.2,0.06666666666666665
random,B16MST7,334.0,0.1,0.3333333333333333,-0.2333333333333333
random,B14MST2,1524.0,1.0,1.0,0.0
random,B15MDT1,858.0,1.0,1.0,0.0
random,B10MST4,524.0,0.7333333333333333,0.13333333333333333,0.6
random,B12MDT6,1544.0,1.0,0.7666666666666667,0.23333333333333328
random,B8MDT1,384.0,1.0,0.4,0.6
random,B15MDT1,1286.0,1.0,1.0,0.0
random,B10MST4,756.0,0.9,0.8666666666666667,0.033333333333333326
random,B2MST3,892.0,0.5333333333333333,0.1,0.43333333333333335
random,B17MDT4,1850.0,0.8,0.7,0.10000000000000009
random,B10MST4,671.0,1.0,0.3333333333333333,0.6666666666666667
random,B8MDT2,1589.0,0.4666666666666667,1.0,-0.5333333333333333
random,B17MDT4,1113.0,1.0,1.0,0.0
random,B4MDT5,1200.0,1.0,0.4,0.6
random,B14MST2,512.0,1.0,1.0,0.0
random,B12MDT6,1421.0,1.0,0.3333333333333333,0.6666666666666667
random,B17MDT3,529.0,1.0,1.0,0.0
random,B17MDT6,1158.0,0.4,0.0,0.4
random,B4MDT5,1072.0,0.8333333333333334,1.0,-0.16666666666666663
random,B17MDT4,1854.0,0.9333333333333333,0.5666666666666667,0.3666666666666667
random,B15MDT1,1141.0,1.0,1.0,0.0
random,B17MST4,1618.0,0.3333333333333333,1.0,-0.6666666666666667
random,B13MST6,1660.0,1.0,0.6,0.4
random,B15MDT1,984.0,1.0,1.0,0.0
random,B7MST2,1170.0,0.3333333333333333,1.0,-0.6666666666666667
random,B17MDT3,504.0,1.0,1.0,0.0
random,B10MST4,1831.0,1.0,0.8666666666666667,0.1333333333333333
random,B14MST2,1405.0,0.6666666666666666,1.0,-0.33333333333333337
random,B14MST2,1412.0,0.9,1.0,-0.09999999999999998
random,B11MDT3,1197.0,0.8,0.43333333333333335,0.3666666666666667
random,B2MDT3,1036.0,1.0,0.16666666666666666,0.8333333333333334
random,B17MDT3,765.0,1.0,1.0,0.0
random,B4MDT5,1489.0,0.4666666666666667,1.0,-0.5333333333333333
random,B17MDT4,1097.0,1.0,1.0,0.0
random,B14MST2,513.0,1.0,1.0,0.0
random,B20MST6,947.0,0.26666666666666666,0.5666666666666667,-0.3
random,B10MST4,731.0,0.06666666666666667,1.0,-0.9333333333333333
random,B15MDT1,1283.0,1.0,1.0,0.0
random,B15MDT1,1070.0,1.0,1.0,0.0
random,B15MDT1,1242.0,1.0,1.0,0.0
random,B10MDT4,1118.0,0.36666666666666664,0.13333333333333333,0.2333333333333333
random,B10MST4,767.0,1.0,0.5,0.5
random,B15MDT1,1061.0,1.0,1.0,0.0
random,B14MST2,553.0,1.0,1.0,0.0
random,B17MST6,1404.0,0.5333333333333333,0.5,0.033333333333333326
random,B10MDT4,1109.0,0.06666666666666667,0.43333333333333335,-0.3666666666666667
random,B17MDT4,1550.0,1.0,0.7,0.30000000000000004
random,B5MDT1,806.0,0.5666666666666667,1.0,-0.43333333333333335
random,B12MDT6,1544.0,1.0,0.7666666666666667,0.23333333333333328
random,B8MST1,1213.0,0.5,0.3,0.2
random,B11MST4,1599.0,0.3333333333333333,0.7333333333333333,-0.39999999999999997
random,B13MST7,678.0,0.3,0.26666666666666666,0.033333333333333326
random,B10MST4,515.0,0.43333333333333335,0.43333333333333335,0.0
random,B6MDT3,837.0,1.0,1.0,0.0
random,B12MDT6,1188.0,1.0,1.0,0.0
random,B12MDT6,1126.0,1.0,0.8,0.19999999999999996
random,B8MST2,372.0,0.5,1.0,-0.5
random,B4MDT5,1534.0,1.0,0.6333333333333333,0.3666666666666667
random,B20MDT6,505.0,0.03333333333333333,0.9666666666666667,-0.9333333333333333
random,B13MDT2,1936.0,0.6,0.7333333333333333,-0.1333333333333333
random,B7MST2,510.0,0.6,0.36666666666666664,0.23333333333333334
random,B5MST2,483.0,0.43333333333333335,1.0,-0.5666666666666667
random,B15MDT1,1047.0,1.0,1.0,0.0
random,B8MST2,389.0,1.0,0.5666666666666667,0.43333333333333335
random,B20MST6,657.0,0.23333333333333334,0.13333333333333333,0.1
random,B20MST6,948.0,0.3,0.5333333333333333,-0.23333333333333334
random,B14MST2,565.0,1.0,1.0,0.0
random,B15MDT1,1230.0,1.0,1.0,0.0
random,B8MST1,1220.0,0.7333333333333333,0.06666666666666667,0.6666666666666666
random,B17MDT4,1138.0,1.0,0.9,0.09999999999999998
random,B20MDT6,1823.0,0.8,0.43333333333333335,0.3666666666666667
random,B15MDT1,1303.0,1.0,1.0,0.0
random,B12MDT6,1390.0,1.0,1.0,0.0
random,B19MDT9,941.0,0.7666666666666667,1.0,-0.23333333333333328
random,B14MST2,415.0,1.0,1.0,0.0
random,B8MST1,746.0,0.7,1.0,-0.30000000000000004
random,B15MST1,395.0,0.7333333333333333,0.9666666666666667,-0.2333333333333334
random,B17MDT3,500.0,1.0,1.0,0.0
random,B10MDT7,993.0,0.4,0.9,-0.5
random,B12MDT6,1215.0,1.0,0.4,0.6
random,B6MST5,456.0,0.23333333333333334,0.8666666666666667,-0.6333333333333333
random,B15MST1,406.0,0.7333333333333333,0.6,0.1333333333333333
random,B17MST6,1420.0,0.9666666666666667,0.0,0.9666666666666667
random,B14MDT2,1091.0,0.2,0.9,-0.7
random,B20MST6,660.0,0.3333333333333333,0.03333333333333333,0.3
random,B17MDT4,1230.0,1.0,1.0,0.0
random,B19MDT9,999.0,1.0,0.6333333333333333,0.3666666666666667
random,B5MDT2,426.0,0.7666666666666667,0.2,0.5666666666666667
random,B8MST2,363.0,0.2,1.0,-0.8
random,B19MDT9,1001.0,1.0,0.5666666666666667,0.43333333333333335
random,B18MDT5,1468.0,0.3333333333333333,0.7666666666666667,-0.4333333333333334
random,B10MST4,621.0,0.3,1.0,-0.7
random,B17MDT3,643.0,1.0,0.06666666666666667,0.9333333333333333
random,B10MDT7,990.0,0.3,1.0,-0.7
random,B12MDT6,1388.0,1.0,1.0,0.0
random,B14MDT2,1096.0,0.36666666666666664,0.7333333333333333,-0.36666666666666664
random,B18MST3,431.0,0.5666666666666667,0.9,-0.33333333333333337
random,B15MDT1,632.0,0.6666666666666666,1.0,-0.33333333333333337
random,B7MST4,368.0,0.06666666666666667,0.5666666666666667,-0.5
random,B4MDT5,777.0,0.5333333333333333,0.4666666666666667,0.06666666666666665
random,B10MST4,1829.0,1.0,0.8666666666666667,0.1333333333333333
random,B7MST2,1191.0,1.0,1.0,0.0
random,B6MDT3,657.0,0.6333333333333333,0.6333333333333333,0.0
random,B17MDT4,1127.0,1.0,1.0,0.0
random,B6MST5,467.0,0.6,0.5,0.09999999999999998
random,B14MST2,576.0,1.0,0.6666666666666666,0.33333333333333337
random,B19MDT9,967.0,1.0,1.0,0.0
random,B17MDT4,1401.0,0.5,0.8,-0.30000000000000004
random,B4MDT5,1004.0,0.7333333333333333,1.0,-0.2666666666666667
random,B6MDT4,1901.0,0.2,1.0,-0.8
random,B14MST2,563.0,1.0,1.0,0.0
random,B4MDT5,1179.0,1.0,1.0,0.0
random,B6MDT3,646.0,0.26666666666666666,1.0,-0.7333333333333334
random,B14MST2,1436.0,1.0,1.0,0.0
random,B15MDT1,681.0,1.0,1.0,0.0
random,B10MST4,1692.0,0.8333333333333334,0.7,0.13333333333333341
random,B17MDT3,805.0,1.0,0.13333333333333333,0.8666666666666667
random,B17MDT4,1620.0,1.0,0.2,0.8
random,B17MST6,1389.0,0.03333333333333333,1.0,-0.9666666666666667
random,B6MDT4,1911.0,0.5333333333333333,0.8666666666666667,-0.33333333333333337
random,B5MST2,540.0,1.0,0.06666666666666667,0.9333333333333333
random,B6MDT5,864.0,0.9333333333333333,0.13333333333333333,0.8
random,B15MDT1,1146.0,1.0,1.0,0.0
random,B5MDT2,827.0,1.0,0.5,0.5
random,B8MST1,782.0,0.9666666666666667,0.0,0.9666666666666667
random,B17MST6,1393.0,0.16666666666666666,0.8666666666666667,-0.7000000000000001
random,B4MDT5,782.0,0.7,0.3,0.39999999999999997
random,B10MST4,527.0,0.8333333333333334,0.03333333333333333,0.8
random,B10MST4,1800.0,1.0,1.0,0.0
random,B12MDT6,922.0,0.5,0.6666666666666666,-0.16666666666666663
random,B14MST2,516.0,1.0,1.0,0.0
random,B12MDT2,924.0,0.9,0.06666666666666667,0.8333333333333334
random,B12MDT2,900.0,0.6,0.8666666666666667,-0.2666666666666667
random,B10MDT7,1041.0,0.6666666666666666,0.6666666666666666,0.0
random,B15MDT1,1211.0,1.0,1.0,0.0
random,B13MST7,770.0,0.9666666666666667,0.5333333333333333,0.43333333333333335
random,B12MDT6,1561.0,1.0,0.2,0.8
random,B15MDT1,1014.0,1.0,1.0,0.0
random,B11MST4,485.0,0.3,0.7,-0.39999999999999997
random,B4MST5,1865.0,0.5666666666666667,0.3333333333333333,0.23333333333333334
random,B5MST2,525.0,1.0,0.5666666666666667,0.43333333333333335
random,B20MDT6,443.0,0.16666666666666666,0.6,-0.43333333333333335
random,B5MST2,473.0,0.1,1.0,-0.9
random,B15MDT1,999.0,1.0,1.0,0.0
random,B20MDT6,1818.0,0.6333333333333333,0.6,0.033333333333333326
random,B15MDT1,1044.0,1.0,1.0,0.0
random,B19MST9,1294.0,0.4,0.6,-0.19999999999999996
random,B15MDT1,1345.0,1.0,0.8333333333333334,0.16666666666666663
random,B17MST6,1288.0,0.6666666666666666,1.0,-0.33333333333333337
random,B13MDT8,1013.0,0.2,0.26666666666666666,-0.06666666666666665
random,B13MST7,800.0,0.5333333333333333,1.0,-0.4666666666666667
random,B4MDT5,1014.0,1.0,1.0,0.0
random,B12MDT6,1058.0,0.13333333333333333,1.0,-0.8666666666666667
random,B15MDT1,912.0,1.0,1.0,0.0
random,B2MDT3,1070.0,0.06666666666666667,0.6333333333333333,-0.5666666666666667
random,B4MDT5,1531.0,1.0,0.7333333333333333,0.2666666666666667
random,B14MST2,1434.0,1.0,1.0,0.0
random,B18MDT5,1480.0,0.7333333333333333,0.36666666666666664,0.36666666666666664
random,B18MDT6,1539.0,0.03333333333333333,0.4666666666666667,-0.43333333333333335
random,B12MDT6,1200.0,1.0,0.9,0.09999999999999998
random,B19MDT9,965.0,1.0,1.0,0.0
random,B10MST4,518.0,0.5333333333333333,0.3333333333333333,0.2
random,B11MST3,1585.0,0.8,0.8,0.0
random,B18MDT5,1463.0,0.16666666666666666,0.9333333333333333,-0.7666666666666667
random,B17MST3,1753.0,0.7,1.0,-0.30000000000000004
random,B15MDT1,1286.0,1.0,1.0,0.0
random,B14MST2,1546.0,1.0,0.4666666666666667,0.5333333333333333
random,B13MST7,866.0,1.0,0.3,0.7
random,B13MST7,865.0,1.0,0.3333333333333333,0.6666666666666667
random,B5MDT1,791.0,0.06666666666666667,1.0,-0.9333333333333333
random,B10MDT7,1051.0,0.7,0.3333333333333333,0.36666666666666664
random,B19MDT9,1009.0,1.0,0.3,0.7
random,B10MDT7,1017.0,1.0,0.6666666666666666,0.33333333333333337
random,B15MST1,330.0,0.16666666666666666,1.0,-0.8333333333333334
random,B6MDT4,1896.0,0.03333333333333333,1.0,-0.9666666666666667
random,B6MST3,1101.0,0.2,0.26666666666666666,-0.06666666666666665
random,B5MST1,446.0,0.5333333333333333,0.0,0.5333333333333333
random,B15MST1,1808.0,0.06666666666666667,0.6,-0.5333333333333333
random,B10MST4,1769.0,0.9,1.0,-0.09999999999999998
random,B4MDT5,1198.0,1.0,0.4666666666666667,0.5333333333333333
random,B2MST3,611.0,0.16666666666666666,0.3333333333333333,-0.16666666666666666
random,B14MST2,1412.0,0.9,1.0,-0.09999999999999998
random,B15MST1,381.0,1.0,0.7333333333333333,0.2666666666666667
random,B18MST5,630.0,0.2,0.5666666666666667,-0.36666666666666664
random,B14MST2,1477.0,1.0,1.0,0.0
random,B15MDT1,834.0,1.0,1.0,0.0
random,B7MST2,324.0,0.36666666666666664,0.5,-0.13333333333333336
random,B17MDT3,761.0,1.0,1.0,0.0
random,B13MST7,768.0,1.0,0.5,0.5
random,B15MDT1,753.0,1.0,1.0,0.0
random,B17MDT4,1867.0,1.0,0.13333333333333333,0.8666666666666667
random,B15MDT1,1005.0,1.0,1.0,0.0
random,B6MDT3,649.0,0.36666666666666664,0.9,-0.5333333333333334
random,B17MDT4,988.0,0.2,1.0,-0.8
random,B13MST7,863.0,1.0,0.4,0.6
random,B14MST2,459.0,1.0,1.0,0.0
random,B5MST2,509.0,1.0,1.0,0.0
random,B15MDT1,1328.0,1.0,1.0,0.0
random,B15MDT1,984.0,1.0,1.0,0.0
random,B6MDT3,792.0,0.6333333333333333,1.0,-0.3666666666666667
random,B17MDT4,1854.0,0.9333333333333333,0.5666666666666667,0.3666666666666667
random,B14MST2,1510.0,1.0,1.0,0.0
random,B14MST2,1498.0,1.0,1.0,0.0
random,B10MST4,1707.0,1.0,0.2,0.8
random,B7MDT4,740.0,0.2,1.0,-0.8
random,B11MST3,405.0,1.0,0.03333333333333333,0.9666666666666667
random,B5MDT2,814.0,0.8666666666666667,0.9333333333333333,-0.06666666666666665
random,B15MDT1,994.0,1.0,1.0,0.0
random,B18MST3,452.0,1.0,0.2,0.8
random,B6MST3,1108.0,0.43333333333333335,0.03333333333333333,0.4
random,B14MST2,526.0,1.0,1.0,0.0
random,B4MDT5,1206.0,1.0,0.2,0.8
random,B20MDT6,1819.0,0.6666666666666666,0.5666666666666667,0.09999999999999998
random,B14MST2,1423.0,1.0,1.0,0.0
random,B15MDT1,1638.0,0.26666666666666666,0.6,-0.3333333333333333
random,B12MDT2,918.0,0.7,0.26666666666666666,0.4333333333333333
random,B15MDT1,743.0,1.0,1.0,0.0
random,B13MDT2,1938.0,0.6666666666666666,0.6666666666666666,0.0
random,B2MDT3,1027.0,1.0,0.4666666666666667,0.5333333333333333
random,B8MST2,395.0,1.0,0.36666666666666664,0.6333333333333333
random,B18MST5,1093.0,0.9333333333333333,0.16666666666666666,0.7666666666666667
random,B10MST4,638.0,0.8666666666666667,1.0,-0.1333333333333333
random,B7MST2,437.0,1.0,0.5,0.5
random,B2MST3,553.0,0.2,0.7666666666666667,-0.5666666666666667
random,B7MST2,418.0,0.4,1.0,-0.6
random,B10MST4,1815.0,1.0,0.8666666666666667,0.1333333333333333
random,B4MDT5,780.0,0.6333333333333333,0.36666666666666664,0.26666666666666666
random,B17MDT4,1288.0,1.0,0.03333333333333333,0.9666666666666667
random,B15MST1,376.0,1.0,0.7333333333333333,0.2666666666666667
random,B5MST1,551.0,0.6,0.5666666666666667,0.033333333333333326
random,B5MDT1,848.0,1.0,0.26666666666666666,0.7333333333333334
random,B20MST6,958.0,0.6333333333333333,0.2,0.4333333333333333
random,B20MST6,889.0,0.2,0.2,0.0
random,B11MST4,482.0,0.2,0.8,-0.6000000000000001
random,B12MDT6,1125.0,1.0,0.8,0.19999999999999996
random,B18MST6,775.0,0.36666666666666664,0.2,0.16666666666666663
random,B10MST4,1679.0,0.4,1.0,-0.6
random,B5MST2,1158.0,0.23333333333333334,0.6333333333333333,-0.39999999999999997
random,B6MDT2,651.0,1.0,1.0,0.0
