group,trial_id,timepoint,before,after,difference
real,D2MS,3320.0,1.0,1.0,0.0
real,D4MS,1875.0,1.0,1.0,0.0
real,D4MS,6029.0,1.0,1.0,0.0
real,D6MS,4817.0,1.0,0.1,0.9
real,D10MS,8326.0,1.0,1.0,0.0
real,D10MD,8786.0,0.2,0.0,0.2
real,D4MD,1838.0,0.3,0.8666666666666667,-0.5666666666666667
real,D4MD,8671.0,1.0,0.8,0.19999999999999996
real,D6MD,4853.0,0.6666666666666666,1.0,-0.33333333333333337
real,D2MD,5513.0,1.0,0.5666666666666667,0.43333333333333335
real,D2MD,6312.0,1.0,1.0,0.0
real,D2MD,6690.0,1.0,1.0,0.0
real,D11MS,3401.0,0.1,1.0,-0.9
real,D10MS,5425.0,1.0,0.8333333333333334,0.16666666666666663
real,D10MS,6456.0,1.0,0.8333333333333334,0.16666666666666663
real,D10MS,7065.0,1.0,1.0,0.0
real,D10MS,7730.0,0.16666666666666666,0.8666666666666667,-0.7000000000000001
real,D3MS,6905.0,1.0,0.9,0.09999999999999998
real,D4MS,390.0,0.8333333333333334,0.0,0.8333333333333334
real,D6MS,5585.0,1.0,0.23333333333333334,0.7666666666666666
real,D6MS,6593.0,1.0,1.0,0.0
real,D7MS,4988.0,1.0,0.0,1.0
real,D2MS,1030.0,0.9666666666666667,0.0,0.9666666666666667
real,D2MS,2083.0,1.0,1.0,0.0
real,D2MS,8557.0,1.0,0.2,0.8
random,D10MD,8322.0,1.0,0.1,0.9
random,D10MS,6396.0,0.7666666666666667,1.0,-0.23333333333333328
random,D4MD,6873.0,1.0,1.0,0.0
random,D11MD,206.0,1.0,1.0,0.0
random,D4MS,5977.0,1.0,1.0,0.0
random,D3MS,6892.0,1.0,1.0,0.0
random,D4MS,3242.0,1.0,0.43333333333333335,0.5666666666666667
random,D3MS,7392.0,1.0,1.0,0.0
random,D1MD,4413.0,0.5,0.1,0.4
random,D10MS,1930.0,0.3333333333333333,1.0,-0.6666666666666667
random,D10MS,7158.0,1.0,1.0,0.0
random,D11MS,8445.0,1.0,1.0,0.0
random,D11MS,2557.0,1.0,1.0,0.0
random,D6MS,4735.0,1.0,1.0,0.0
random,D2MD,4555.0,0.4666666666666667,1.0,-0.5333333333333333
random,D10MS,6893.0,1.0,1.0,0.0
random,D2MD,7022.0,1.0,1.0,0.0
random,D2MD,7996.0,1.0,1.0,0.0
random,D10MS,6457.0,1.0,1.0,0.0
random,D10MS,7004.0,0.03333333333333333,1.0,-0.9666666666666667
random,D10MS,7253.0,1.0,1.0,0.0
random,D8MS,5988.0,0.26666666666666666,0.0,0.26666666666666666
random,D6MD,4946.0,1.0,1.0,0.0
random,D6MS,6938.0,1.0,1.0,0.0
random,D3MD,3709.0,0.3333333333333333,0.1,0.2333333333333333
random,D2MD,5029.0,1.0,1.0,0.0
random,D11MS,2779.0,1.0,1.0,0.0
random,D4MD,1581.0,0.06666666666666667,1.0,-0.9333333333333333
random,D6MS,4719.0,1.0,1.0,0.0
random,D3MS,6881.0,1.0,1.0,0.0
random,D4MD,7043.0,1.0,0.3,0.7
random,D10MS,6493.0,1.0,0.1,0.9
random,D10MS,8717.0,1.0,1.0,0.0
random,D10MS,5342.0,1.0,1.0,0.0
random,D11MS,2560.0,1.0,1.0,0.0
random,D10MS,5951.0,1.0,1.0,0.0
random,D6MS,2136.0,1.0,1.0,0.0
random,D4MS,5742.0,1.0,1.0,0.0
random,D2MD,5373.0,0.6333333333333333,1.0,-0.3666666666666667
random,D4MS,3228.0,1.0,0.9,0.09999999999999998
random,D7MS,4971.0,1.0,0.5666666666666667,0.43333333333333335
random,D4MD,8477.0,1.0,1.0,0.0
random,D4MD,6016.0,0.23333333333333334,0.4,-0.16666666666666669
random,D9MD,7970.0,0.16666666666666666,0.03333333333333333,0.13333333333333333
random,D2MS,822.0,1.0,0.8333333333333334,0.16666666666666663
random,D11MS,3594.0,1.0,1.0,0.0
random,D6MS,1409.0,1.0,1.0,0.0
random,D10MS,2541.0,0.8666666666666667,1.0,-0.1333333333333333
random,D10MS,7141.0,1.0,1.0,0.0
random,D11MD,153.0,1.0,1.0,0.0
random,D2MS,8363.0,1.0,1.0,0.0
random,D6MS,329.0,0.7666666666666667,0.13333333333333333,0.6333333333333334
random,D8MD,5387.0,0.2,0.2,0.0
random,D11MS,2667.0,1.0,1.0,0.0
random,D10MS,2983.0,1.0,1.0,0.0
random,D4MD,8436.0,1.0,1.0,0.0
random,D10MS,7832.0,0.6,1.0,-0.4
random,D3MS,7486.0,1.0,1.0,0.0
random,D4MD,2162.0,0.16666666666666666,1.0,-0.8333333333333334
random,D10MS,7059.0,1.0,1.0,0.0
random,D4MD,7813.0,1.0,1.0,0.0
random,D10MS,5658.0,0.06666666666666667,1.0,-0.9333333333333333
random,D2MS,988.0,1.0,1.0,0.0
random,D4MS,1980.0,1.0,1.0,0.0
random,D8MD,791.0,0.3333333333333333,0.2,0.1333333333333333
random,D4MS,3224.0,1.0,1.0,0.0
random,D10MS,2720.0,0.5,1.0,-0.5
random,D2MD,6732.0,1.0,0.43333333333333335,0.5666666666666667
random,D11MS,8442.0,1.0,1.0,0.0
random,D10MS,8503.0,1.0,1.0,0.0
random,D10MS,3453.0,0.6333333333333333,0.03333333333333333,0.6
random,D4MS,1925.0,1.0,1.0,0.0
random,D11MS,3953.0,0.9666666666666667,1.0,-0.033333333333333326
random,D11MS,2740.0,1.0,1.0,0.0
random,D4MS,2875.0,0.5666666666666667,1.0,-0.43333333333333335
random,D6MS,5539.0,1.0,1.0,0.0
random,D10MS,7285.0,1.0,1.0,0.0
random,D11MD,9.0,0.26666666666666666,1.0,-0.7333333333333334
random,D6MS,6764.0,1.0,1.0,0.0
random,D6MS,3719.0,1.0,1.0,0.0
random,D10MS,7121.0,1.0,1.0,0.0
random,D10MS,8435.0,1.0,1.0,0.0
random,D2MD,2530.0,0.6,0.0,0.6
random,D3MD,5179.0,0.7666666666666667,0.03333333333333333,0.7333333333333334
random,D10MS,7870.0,1.0,0.6333333333333333,0.3666666666666667
random,D3MS,6356.0,1.0,1.0,0.0
random,D6MS,4592.0,0.7333333333333333,1.0,-0.2666666666666667
random,D11MS,3493.0,1.0,1.0,0.0
random,D10MS,2247.0,1.0,0.3,0.7
random,D4MS,365.0,0.03333333333333333,0.8,-0.7666666666666667
random,D2MS,6267.0,0.8666666666666667,0.4666666666666667,0.4
random,D3MD,4558.0,0.3333333333333333,1.0,-0.6666666666666667
random,D10MS,697.0,0.7,0.6333333333333333,0.06666666666666665
random,D4MS,1733.0,1.0,1.0,0.0
random,D3MS,7462.0,1.0,1.0,0.0
random,D11MS,2839.0,1.0,1.0,0.0
random,D10MS,2361.0,0.7333333333333333,0.0,0.7333333333333333
random,D10MS,3137.0,1.0,1.0,0.0
random,D10MS,8535.0,1.0,1.0,0.0
random,D6MS,2274.0,1.0,1.0,0.0
random,D4MS,6063.0,1.0,1.0,0.0
random,D2MD,282.0,0.03333333333333333,0.5,-0.4666666666666667
random,D2MD,3864.0,1.0,1.0,0.0
random,D3MD,4578.0,1.0,1.0,0.0
random,D3MS,6344.0,1.0,1.0,0.0
random,D11MS,8472.0,1.0,1.0,0.0
random,D10MS,1967.0,1.0,1.0,0.0
random,D5MD,5154.0,0.2,1.0,-0.8
random,D10MS,8770.0,1.0,1.0,0.0
random,D11MS,4987.0,1.0,1.0,0.0
random,D2MD,6246.0,0.6333333333333333,1.0,-0.3666666666666667
random,D11MS,3500.0,1.0,1.0,0.0
random,D2MD,2242.0,0.7,0.03333333333333333,0.6666666666666666
random,D11MS,5546.0,1.0,1.0,0.0
random,D5MD,7069.0,0.3,0.3333333333333333,-0.033333333333333326
random,D10MS,6313.0,0.9666666666666667,1.0,-0.033333333333333326
random,D6MS,3807.0,1.0,1.0,0.0
random,D2MS,8491.0,0.23333333333333334,1.0,-0.7666666666666666
random,D10MS,6905.0,1.0,0.9,0.09999999999999998
random,D4MS,1946.0,1.0,1.0,0.0
random,D7MS,3906.0,0.16666666666666666,1.0,-0.8333333333333334
random,D3MS,8068.0,0.5666666666666667,0.0,0.5666666666666667
random,D11MS,3655.0,1.0,0.6666666666666666,0.33333333333333337
random,D9MD,6056.0,0.7333333333333333,0.3333333333333333,0.39999999999999997
random,D4MD,8859.0,1.0,1.0,0.0
random,D10MS,8662.0,1.0,1.0,0.0
random,D3MS,2257.0,0.16666666666666666,1.0,-0.8333333333333334
random,D10MS,8588.0,1.0,1.0,0.0
random,D10MS,2016.0,1.0,1.0,0.0
random,D4MD,8680.0,1.0,0.5,0.5
random,D6MD,1757.0,0.36666666666666664,1.0,-0.6333333333333333
random,D1MS,5258.0,0.8,0.5,0.30000000000000004
random,D10MS,7186.0,1.0,1.0,0.0
random,D6MS,3667.0,0.1,1.0,-0.9
random,D4MD,8277.0,1.0,1.0,0.0
random,D11MS,3699.0,0.9666666666666667,0.0,0.9666666666666667
random,D5MS,2780.0,0.6,0.13333333333333333,0.4666666666666667
random,D4MS,3180.0,1.0,1.0,0.0
random,D4MD,6696.0,1.0,0.4666666666666667,0.5333333333333333
random,D2MD,289.0,0.26666666666666666,0.26666666666666666,0.0
random,D10MS,5934.0,1.0,1.0,0.0
random,D6MS,3722.0,1.0,1.0,0.0
random,D11MS,2535.0,1.0,1.0,0.0
random,D2MS,1293.0,1.0,0.9333333333333333,0.06666666666666665
random,D2MS,3093.0,0.03333333333333333,0.4,-0.3666666666666667
random,D2MD,7951.0,1.0,0.5333333333333333,0.4666666666666667
random,D10MS,8345.0,1.0,1.0,0.0
random,D3MD,7619.0,0.43333333333333335,0.36666666666666664,0.06666666666666671
random,D10MS,8801.0,1.0,1.0,0.0
random,D1MS,4937.0,0.7,0.16666666666666666,0.5333333333333333
random,D2MD,4426.0,0.8,0.36666666666666664,0.4333333333333334
random,D6MS,6864.0,1.0,1.0,0.0
random,D10MS,8326.0,1.0,1.0,0.0
random,D6MS,3687.0,0.7666666666666667,1.0,-0.23333333333333328
random,D10MS,6773.0,1.0,1.0,0.0
random,D10MS,2565.0,1.0,1.0,0.0
random,D2MS,5951.0,0.4,1.0,-0.6
random,D11MD,249.0,1.0,0.9,0.09999999999999998
random,D10MS,3439.0,0.16666666666666666,0.5,-0.33333333333333337
random,D4MD,990.0,0.6333333333333333,0.9666666666666667,-0.33333333333333337
random,D2MD,1205.0,0.7666666666666667,0.0,0.7666666666666667
random,D9MD,6039.0,0.9333333333333333,0.6333333333333333,0.30000000000000004
random,D4MS,615.0,1.0,1.0,0.0
random,D6MS,4749.0,1.0,1.0,0.0
random,D1MS,1319.0,0.1,0.5,-0.4
random,D10MS,1257.0,0.7333333333333333,0.1,0.6333333333333333
random,D11MS,3970.0,1.0,1.0,0.0
random,D10MS,8775.0,1.0,0.3333333333333333,0.6666666666666667
random,D4MS,4331.0,0.16666666666666666,0.2,-0.033333333333333354
random,D9MD,6026.0,0.5,0.7333333333333333,-0.23333333333333328
random,D4MS,6094.0,1.0,0.43333333333333335,0.5666666666666667
random,D10MS,6855.0,1.0,1.0,0.0
random,D11MS,3558.0,0.13333333333333333,1.0,-0.8666666666666667
random,D4MS,1996.0,1.0,1.0,0.0
random,D10MS,8347.0,1.0,1.0,0.0
random,D3MS,6751.0,1.0,1.0,0.0
random,D2MD,3924.0,1.0,0.23333333333333334,0.7666666666666666
random,D9MD,2398.0,0.8,0.06666666666666667,0.7333333333333334
random,D11MS,2773.0,1.0,1.0,0.0
random,D3MD,7616.0,0.3333333333333333,0.4666666666666667,-0.13333333333333336
random,D6MS,4624.0,1.0,1.0,0.0
random,D2MS,1895.0,0.9666666666666667,1.0,-0.033333333333333326
random,D1MS,8790.0,1.0,0.03333333333333333,0.9666666666666667
random,D4MS,1902.0,1.0,1.0,0.0
random,D10MS,6940.0,1.0,1.0,0.0
random,D4MS,8339.0,1.0,1.0,0.0
random,D6MS,6854.0,1.0,1.0,0.0
random,D3MS,1015.0,1.0,0.16666666666666666,0.8333333333333334
random,D10MS,8376.0,1.0,1.0,0.0
random,D2MS,7148.0,0.2,0.43333333333333335,-0.23333333333333334
random,D10MS,1985.0,1.0,1.0,0.0
random,D11MS,7754.0,0.5333333333333333,0.1,0.43333333333333335
random,D3MS,4078.0,1.0,1.0,0.0
random,D2MD,2240.0,0.6333333333333333,0.1,0.5333333333333333
random,D6MD,6582.0,0.3333333333333333,0.3333333333333333,0.0
random,D2MS,1802.0,1.0,0.7333333333333333,0.2666666666666667
random,D4MD,7008.0,1.0,1.0,0.0
random,D2MD,2560.0,0.36666666666666664,1.0,-0.6333333333333333
random,D10MS,7370.0,0.4,1.0,-0.6
random,D7MS,1725.0,0.9,0.0,0.9
random,D4MS,5811.0,1.0,0.2,0.8
random,D7MS,6748.0,0.1,0.23333333333333334,-0.13333333333333333
random,D4MD,8226.0,1.0,1.0,0.0
random,D11MS,5428.0,1.0,1.0,0.0
random,D3MD,2938.0,0.13333333333333333,0.26666666666666666,-0.13333333333333333
random,D10MS,6671.0,1.0,1.0,0.0
random,D11MS,2693.0,0.5333333333333333,1.0,-0.4666666666666667
random,D6MD,2580.0,1.0,1.0,0.0
random,D2MS,1462.0,0.23333333333333334,1.0,-0.7666666666666666
random,D11MD,198.0,1.0,1.0,0.0
random,D11MS,2795.0,1.0,1.0,0.0
random,D6MS,4588.0,0.6,1.0,-0.4
random,D6MS,2220.0,0.1,1.0,-0.9
random,D3MS,7389.0,0.9,1.0,-0.09999999999999998
random,D4MS,3150.0,1.0,1.0,0.0
random,D10MS,7445.0,1.0,1.0,0.0
random,D6MS,4567.0,1.0,1.0,0.0
random,D10MS,8362.0,1.0,1.0,0.0
random,D6MS,6801.0,1.0,1.0,0.0
random,D2MS,2568.0,0.13333333333333333,1.0,-0.8666666666666667
random,D11MS,6429.0,1.0,1.0,0.0
random,D4MD,6568.0,0.6,1.0,-0.4
random,D10MS,6464.0,1.0,0.5666666666666667,0.43333333333333335
random,D10MS,4920.0,0.26666666666666666,0.5666666666666667,-0.3
random,D4MD,7505.0,1.0,1.0,0.0
random,D11MS,2713.0,1.0,1.0,0.0
random,D6MS,1480.0,1.0,1.0,0.0
random,D4MS,5190.0,0.3333333333333333,0.43333333333333335,-0.10000000000000003
random,D4MS,6085.0,1.0,0.7333333333333333,0.2666666666666667
random,D10MS,7288.0,1.0,1.0,0.0
random,D6MS,4555.0,0.9333333333333333,1.0,-0.06666666666666665
random,D6MS,2330.0,1.0,1.0,0.0
random,D1MS,3908.0,0.3,0.9333333333333333,-0.6333333333333333
random,D10MS,6450.0,1.0,1.0,0.0
random,D3MD,4567.0,0.6333333333333333,1.0,-0.3666666666666667
random,D1MS,1334.0,0.6,0.0,0.6
random,D7MS,6349.0,0.9666666666666667,0.0,0.9666666666666667
random,D6MD,3516.0,0.16666666666666666,1.0,-0.8333333333333334
random,D6MS,4372.0,1.0,1.0,0.0
random,D4MD,1992.0,0.3333333333333333,0.8,-0.46666666666666673
random,D6MS,4736.0,1.0,1.0,0.0
random,D10MS,7194.0,1.0,1.0,0.0
random,D3MS,988.0,0.8666666666666667,0.23333333333333334,0.6333333333333333
random,D11MD,6856.0,0.2,1.0,-0.8
random,D3MS,6743.0,1.0,1.0,0.0
random,D10MS,687.0,0.36666666666666664,0.9666666666666667,-0.6000000000000001
random,D11MS,2785.0,1.0,1.0,0.0
random,D4MD,8240.0,1.0,1.0,0.0
random,D2MD,3861.0,1.0,1.0,0.0
random,D2MS,8273.0,1.0,1.0,0.0
random,D4MD,4732.0,1.0,0.0,1.0
random,D6MD,1125.0,0.4,0.4666666666666667,-0.06666666666666665
random,D11MS,3483.0,1.0,1.0,0.0
random,D10MS,8450.0,1.0,1.0,0.0
random,D4MD,1840.0,0.36666666666666664,0.8,-0.4333333333333334
random,D7MS,7131.0,0.3333333333333333,0.3,0.033333333333333326
random,D4MD,6697.0,1.0,0.4666666666666667,0.5333333333333333
random,D11MS,8867.0,0.3333333333333333,1.0,-0.6666666666666667
random,D7MD,5147.0,0.4666666666666667,0.1,0.3666666666666667
random,D8MD,1849.0,0.03333333333333333,0.3333333333333333,-0.3
random,D2MS,5016.0,0.5,0.7,-0.19999999999999996
random,D6MS,3932.0,1.0,1.0,0.0
random,D11MS,4376.0,0.43333333333333335,0.0,0.43333333333333335
random,D6MS,4753.0,1.0,1.0,0.0
random,D10MS,5682.0,0.8666666666666667,1.0,-0.1333333333333333
random,D4MD,6865.0,1.0,1.0,0.0
random,D4MS,2024.0,1.0,1.0,0.0
random,D7MS,5839.0,0.4666666666666667,0.0,0.4666666666666667
random,D4MD,4601.0,1.0,0.8666666666666667,0.1333333333333333
random,D2MS,8547.0,1.0,0.5333333333333333,0.4666666666666667
random,D3MS,5835.0,1.0,0.7333333333333333,0.2666666666666667
random,D2MD,6566.0,0.8666666666666667,1.0,-0.1333333333333333
random,D11MS,6475.0,1.0,0.7333333333333333,0.2666666666666667
random,D2MD,6343.0,1.0,1.0,0.0
random,D10MS,2510.0,1.0,0.13333333333333333,0.8666666666666667
random,D4MS,8405.0,1.0,1.0,0.0
random,D2MS,6261.0,0.6666666666666666,0.6666666666666666,0.0
random,D6MS,3867.0,0.7333333333333333,1.0,-0.2666666666666667
random,D2MD,5424.0,1.0,0.9666666666666667,0.033333333333333326
random,D11MD,209.0,1.0,1.0,0.0
random,D2MS,3110.0,1.0,1.0,0.0
random,D2MS,5024.0,0.7666666666666667,0.43333333333333335,0.33333333333333337
random,D10MS,8296.0,1.0,1.0,0.0
random,D7MS,5578.0,0.5333333333333333,0.0,0.5333333333333333
random,D4MS,378.0,0.4666666666666667,0.36666666666666664,0.10000000000000003
random,D10MS,1242.0,0.23333333333333334,0.6,-0.36666666666666664
random,D2MS,1918.0,1.0,1.0,0.0
random,D11MS,2892.0,1.0,0.26666666666666666,0.7333333333333334
random,D4MS,8414.0,1.0,1.0,0.0
random,D11MS,4070.0,1.0,0.6666666666666666,0.33333333333333337
random,D5MD,8401.0,0.5333333333333333,0.5333333333333333,0.0
random,D4MD,975.0,0.13333333333333333,1.0,-0.8666666666666667
random,D6MS,4647.0,1.0,1.0,0.0
random,D6MS,2374.0,1.0,1.0,0.0
random,D7MS,358.0,0.7,0.03333333333333333,0.6666666666666666
random,D10MS,6941.0,1.0,1.0,0.0
random,D2MD,2513.0,0.06666666666666667,0.5333333333333333,-0.4666666666666667
random,D4MS,597.0,0.5,1.0,-0.5
random,D2MS,2986.0,0.8666666666666667,1.0,-0.1333333333333333
random,D7MS,4987.0,1.0,0.03333333333333333,0.9666666666666667
random,D10MS,8325.0,1.0,1.0,0.0
random,D2MD,5389.0,1.0,1.0,0.0
random,D6MS,4811.0,1.0,1.0,0.0
random,D6MS,3933.0,1.0,1.0,0.0
random,D3MS,966.0,0.13333333333333333,0.9666666666666667,-0.8333333333333334
random,D3MS,7804.0,0.9,0.43333333333333335,0.4666666666666667
random,D11MS,6460.0,1.0,1.0,0.0
random,D2MS,3401.0,0.03333333333333333,0.8333333333333334,-0.8
random,D3MS,6766.0,1.0,1.0,0.0
random,D4MS,1645.0,0.23333333333333334,1.0,-0.7666666666666666
random,D10MS,3923.0,0.5333333333333333,1.0,-0.4666666666666667
random,D4MS,780.0,1.0,1.0,0.0
random,D6MD,1789.0,1.0,0.36666666666666664,0.6333333333333333
random,D3MS,6811.0,1.0,1.0,0.0
random,D10MS,6475.0,1.0,0.2,0.8
random,D10MS,8282.0,0.5666666666666667,1.0,-0.43333333333333335
random,D6MS,3747.0,1.0,1.0,0.0
random,D10MS,8759.0,1.0,1.0,0.0
random,D11MS,3900.0,0.6333333333333333,1.0,-0.3666666666666667
random,D2MS,2666.0,1.0,1.0,0.0
random,D11MS,6437.0,1.0,1.0,0.0
random,D10MS,6000.0,1.0,1.0,0.0
random,D2MD,4428.0,0.8666666666666667,0.3,0.5666666666666667
random,D2MD,6391.0,0.5,1.0,-0.5
random,D10MS,6806.0,1.0,1.0,0.0
random,D3MS,6655.0,0.4666666666666667,0.3333333333333333,0.13333333333333336
random,D2MD,6343.0,1.0,1.0,0.0
random,D11MS,3561.0,0.23333333333333334,1.0,-0.7666666666666666
random,D2MD,3858.0,1.0,1.0,0.0
random,D10MS,7743.0,0.6,0.43333333333333335,0.16666666666666663
random,D10MS,5559.0,1.0,1.0,0.0
random,D2MS,3094.0,1.0,1.0,0.0
random,D6MS,4637.0,1.0,1.0,0.0
random,D2MD,8733.0,1.0,0.7666666666666667,0.23333333333333328
random,D7MD,5141.0,0.26666666666666666,0.3,-0.033333333333333326
random,D6MS,1538.0,1.0,0.6333333333333333,0.3666666666666667
random,D11MS,4080.0,1.0,0.3333333333333333,0.6666666666666667
random,D10MS,5520.0,1.0,1.0,0.0
random,D10MS,7171.0,1.0,1.0,0.0
random,D11MS,2590.0,1.0,1.0,0.0
random,D11MS,5403.0,0.36666666666666664,1.0,-0.6333333333333333
random,D4MD,8015.0,0.03333333333333333,1.0,-0.9666666666666667
random,D4MS,8659.0,0.7,0.36666666666666664,0.3333333333333333
random,D4MD,6553.0,1.0,0.6,0.4
random,D10MS,7130.0,1.0,1.0,0.0
random,D11MS,6554.0,1.0,1.0,0.0
random,D10MS,3148.0,1.0,1.0,0.0
random,D4MD,6025.0,0.5333333333333333,0.1,0.43333333333333335
random,D2MS,2575.0,0.36666666666666664,1.0,-0.6333333333333333
random,D6MS,1660.0,1.0,0.8333333333333334,0.16666666666666663
random,D10MD,7058.0,0.13333333333333333,0.2,-0.06666666666666668
random,D7MS,340.0,0.1,0.6333333333333333,-0.5333333333333333
random,D3MS,7991.0,0.5666666666666667,1.0,-0.43333333333333335
random,D4MD,7011.0,1.0,1.0,0.0
random,D6MS,4796.0,1.0,1.0,0.0
random,D2MD,6702.0,1.0,1.0,0.0
random,D11MD,255.0,1.0,0.7,0.30000000000000004
random,D10MS,5696.0,1.0,1.0,0.0
random,D1MS,7063.0,1.0,0.06666666666666667,0.9333333333333333
random,D6MS,2422.0,1.0,0.4,0.6
random,D2MD,5037.0,1.0,1.0,0.0
random,D11MD,23.0,0.7333333333333333,1.0,-0.2666666666666667
random,D4MS,675.0,1.0,1.0,0.0
random,D4MD,8448.0,1.0,1.0,0.0
random,D2MS,8498.0,0.4666666666666667,1.0,-0.5333333333333333
random,D11MS,3598.0,1.0,1.0,0.0
random,D6MD,2196.0,0.6,0.4666666666666667,0.1333333333333333
random,D4MS,6050.0,1.0,1.0,0.0
random,D6MS,6718.0,1.0,1.0,0.0
random,D6MS,6875.0,1.0,1.0,0.0
random,D4MS,5806.0,1.0,0.36666666666666664,0.6333333333333333
random,D4MD,6644.0,1.0,1.0,0.0
random,D10MD,7391.0,0.16666666666666666,0.1,0.06666666666666665
random,D2MD,5801.0,1.0,1.0,0.0
random,D2MS,2107.0,1.0,1.0,0.0
random,D4MS,1665.0,0.9,1.0,-0.09999999999999998
random,D2MS,7614.0,1.0,0.13333333333333333,0.8666666666666667
random,D2MD,7979.0,1.0,1.0,0.0
random,D11MS,3060.0,1.0,1.0,0.0
random,D4MD,6679.0,1.0,0.8,0.19999999999999996
random,D6MS,6929.0,1.0,1.0,0.0
random,D2MS,1977.0,1.0,1.0,0.0
random,D2MS,1308.0,1.0,0.43333333333333335,0.5666666666666667
random,D1MS,7039.0,0.9333333333333333,0.8666666666666667,0.06666666666666665
random,D10MS,8534.0,1.0,1.0,0.0
random,D10MS,8836.0,1.0,1.0,0.0
random,D10MS,5531.0,1.0,1.0,0.0
random,D2MS,3216.0,1.0,1.0,0.0
random,D2MS,3239.0,1.0,1.0,0.0
random,D4MS,8272.0,1.0,1.0,0.0
random,D6MS,4676.0,1.0,1.0,0.0
random,D6MS,4649.0,1.0,1.0,0.0
random,D6MS,6615.0,1.0,1.0,0.0
random,D4MD,6574.0,0.6,1.0,-0.4
random,D5MS,2179.0,1.0,0.1,0.9
random,D10MS,8287.0,0.7333333333333333,1.0,-0.2666666666666667
random,D10MS,2341.0,0.06666666666666667,0.6666666666666666,-0.6
random,D4MD,8031.0,0.5666666666666667,1.0,-0.43333333333333335
random,D7MS,6787.0,1.0,0.9333333333333333,0.06666666666666665
random,D11MS,3952.0,0.9333333333333333,1.0,-0.06666666666666665
random,D4MD,6412.0,0.7333333333333333,1.0,-0.2666666666666667
random,D10MS,5924.0,1.0,1.0,0.0
random,D11MS,8495.0,1.0,0.23333333333333334,0.7666666666666666
random,D9MD,6324.0,0.4,0.8666666666666667,-0.4666666666666667
random,D2MS,2823.0,1.0,1.0,0.0
random,D10MS,7433.0,1.0,1.0,0.0
random,D11MS,5079.0,1.0,1.0,0.0
random,D1MS,8747.0,0.3333333333333333,1.0,-0.6666666666666667
random,D10MD,3360.0,0.36666666666666664,0.5666666666666667,-0.2
random,D4MD,6569.0,0.6,1.0,-0.4
random,D11MS,5213.0,1.0,1.0,0.0
random,D3MS,4103.0,1.0,1.0,0.0
random,D10MS,6748.0,1.0,1.0,0.0
random,D2MD,5510.0,1.0,0.6666666666666666,0.33333333333333337
random,D10MS,3973.0,1.0,0.26666666666666666,0.7333333333333334
random,D10MS,5361.0,1.0,1.0,0.0
random,D11MS,5030.0,1.0,1.0,0.0
random,D11MS,2631.0,1.0,1.0,0.0
random,D7MS,2337.0,0.6,0.03333333333333333,0.5666666666666667
random,D2MS,721.0,0.5,1.0,-0.5
random,D11MD,6997.0,1.0,0.3333333333333333,0.6666666666666667
random,D5MS,2124.0,0.13333333333333333,1.0,-0.8666666666666667
random,D3MD,3700.0,0.03333333333333333,0.4,-0.3666666666666667
random,D10MS,6342.0,1.0,1.0,0.0
random,D2MS,2682.0,1.0,1.0,0.0
random,D10MS,2015.0,1.0,1.0,0.0
random,D2MD,7453.0,1.0,0.9,0.09999999999999998
random,D11MS,5271.0,1.0,1.0,0.0
random,D2MS,1992.0,1.0,1.0,0.0
random,D6MS,3730.0,1.0,1.0,0.0
random,D11MS,3832.0,1.0,0.03333333333333333,0.9666666666666667
random,D6MD,5838.0,0.3333333333333333,0.3,0.033333333333333326
random,D2MD,5419.0,1.0,1.0,0.0
random,D6MS,2433.0,1.0,0.03333333333333333,0.9666666666666667
random,D6MS,5524.0,0.9333333333333333,1.0,-0.06666666666666665
random,D11MS,5069.0,1.0,1.0,0.0
random,D4MS,5739.0,1.0,1.0,0.0
random,D7MS,3959.0,1.0,0.7666666666666667,0.23333333333333328
random,D3MS,8063.0,0.43333333333333335,0.13333333333333333,0.30000000000000004
random,D10MS,5903.0,1.0,1.0,0.0
random,D6MD,2567.0,0.8666666666666667,1.0,-0.1333333333333333
random,D10MS,7081.0,1.0,1.0,0.0
random,D10MS,5431.0,0.6,1.0,-0.4
random,D2MS,2817.0,1.0,1.0,0.0
random,D10MS,6768.0,1.0,1.0,0.0
random,D2MS,2840.0,1.0,0.5333333333333333,0.4666666666666667
random,D2MD,8031.0,1.0,1.0,0.0
random,D2MS,7611.0,1.0,0.23333333333333334,0.7666666666666666
random,D3MS,7535.0,0.9666666666666667,0.0,0.9666666666666667
random,D4MD,7810.0,1.0,1.0,0.0
random,D3MS,7981.0,0.23333333333333334,1.0,-0.7666666666666666
random,D10MS,7129.0,1.0,1.0,0.0
random,D2MS,3358.0,1.0,1.0,0.0
random,D9MD,6323.0,0.36666666666666664,0.9,-0.5333333333333334
random,D10MS,3004.0,1.0,0.36666666666666664,0.6333333333333333
random,D2MS,5902.0,0.1,1.0,-0.9
random,D11MS,6373.0,0.6,1.0,-0.4
random,D6MS,2413.0,1.0,0.7,0.30000000000000004
random,D3MD,7874.0,0.26666666666666666,0.6666666666666666,-0.39999999999999997
random,D4MS,676.0,1.0,1.0,0.0
random,D4MS,3231.0,1.0,0.8,0.19999999999999996
random,D9MD,6055.0,0.7333333333333333,0.36666666666666664,0.36666666666666664
random,D11MD,6854.0,0.13333333333333333,1.0,-0.8666666666666667
random,D2MS,813.0,1.0,1.0,0.0
random,D2MS,5007.0,0.2,1.0,-0.8
random,D2MD,5408.0,1.0,1.0,0.0
random,D2MS,8359.0,1.0,1.0,0.0
random,D6MS,2291.0,1.0,1.0,0.0
random,D3MS,4381.0,0.8333333333333334,0.5666666666666667,0.2666666666666667
random,D3MS,6301.0,0.9333333333333333,1.0,-0.06666666666666665
random,D9MD,6724.0,0.1,1.0,-0.9
random,D11MS,4029.0,1.0,1.0,0.0
random,D10MS,7026.0,0.7666666666666667,1.0,-0.23333333333333328
random,D10MS,2612.0,1.0,0.3,0.7
random,D4MD,8508.0,1.0,1.0,0.0
random,D3MS,622.0,1.0,0.16666666666666666,0.8333333333333334
random,D10MS,1046.0,1.0,0.23333333333333334,0.7666666666666666
random,D8MS,7310.0,0.16666666666666666,0.26666666666666666,-0.1
random,D2MS,8107.0,0.9666666666666667,0.0,0.9666666666666667
random,D6MD,4979.0,1.0,0.4666666666666667,0.5333333333333333
random,D4MS,8308.0,1.0,1.0,0.0
random,D4MD,8342.0,1.0,1.0,0.0
random,D10MS,7199.0,1.0,1.0,0.0
random,D3MS,6387.0,1.0,1.0,0.0
random,D6MS,5367.0,1.0,0.9333333333333333,0.06666666666666665
random,D8MS,5543.0,0.1,0.2,-0.1
random,D4MD,2197.0,1.0,0.03333333333333333,0.9666666666666667
random,D3MS,2531.0,0.6,0.3,0.3
random,D3MS,4383.0,0.9,0.5,0.4
random,D6MS,5385.0,1.0,0.3333333333333333,0.6666666666666667
random,D10MD,2056.0,0.36666666666666664,0.03333333333333333,0.3333333333333333
random,D2MS,5962.0,0.7666666666666667,0.7,0.06666666666666676
random,D2MS,3094.0,0.06666666666666667,0.36666666666666664,-0.3
random,D11MS,3675.0,1.0,0.7666666666666667,0.23333333333333328
random,D2MS,952.0,1.0,1.0,0.0
random,D2MD,3247.0,0.6666666666666666,1.0,-0.33333333333333337
random,D4MS,5966.0,1.0,1.0,0.0
random,D4MS,5203.0,0.7666666666666667,0.0,0.7666666666666667
random,D4MS,1890.0,1.0,1.0,0.0
random,D4MD,8339.0,1.0,1.0,0.0
random,D2MD,8067.0,1.0,0.5666666666666667,0.43333333333333335
random,D3MS,6731.0,0.8,1.0,-0.19999999999999996
random,D10MS,3044.0,1.0,1.0,0.0
random,D4MD,8852.0,1.0,1.0,0.0
random,D11MS,6360.0,0.16666666666666666,1.0,-0.8333333333333334
random,D6MS,3743.0,1.0,1.0,0.0
random,D6MS,3865.0,0.6666666666666666,1.0,-0.33333333333333337
random,D3MD,4555.0,0.23333333333333334,1.0,-0.7666666666666666
random,D3MD,7614.0,0.26666666666666666,0.5333333333333333,-0.26666666666666666
random,D4MS,629.0,1.0,1.0,0.0
random,D10MS,6298.0,0.4666666666666667,1.0,-0.5333333333333333
random,D11MS,3656.0,1.0,0.6333333333333333,0.3666666666666667
random,D7MS,209.0,0.13333333333333333,0.6666666666666666,-0.5333333333333333
random,D10MS,8818.0,1.0,1.0,0.0
random,D11MS,2556.0,1.0,1.0,0.0
random,D2MD,6609.0,1.0,1.0,0.0
random,D4MD,8306.0,1.0,1.0,0.0
random,D10MS,6109.0,1.0,0.3,0.7
random,D6MD,3545.0,1.0,1.0,0.0
random,D4MD,1983.0,0.03333333333333333,1.0,-0.9666666666666667
random,D2MS,8433.0,1.0,0.7,0.30000000000000004
random,D10MD,7387.0,0.03333333333333333,0.23333333333333334,-0.2
random,D2MD,6286.0,1.0,1.0,0.0
random,D2MD,3716.0,0.8333333333333334,0.3333333333333333,0.5
random,D10MS,8593.0,1.0,1.0,0.0
random,D2MS,3051.0,1.0,1.0,0.0
random,D3MS,6347.0,1.0,1.0,0.0
random,D2MS,5970.0,1.0,0.43333333333333335,0.5666666666666667
random,D11MS,4046.0,1.0,0.06666666666666667,0.9333333333333333
random,D10MS,4862.0,0.23333333333333334,0.23333333333333334,0.0
random,D6MS,6590.0,1.0,1.0,0.0
random,D11MS,4885.0,0.9,1.0,-0.09999999999999998
random,D6MS,3975.0,1.0,0.6666666666666666,0.33333333333333337
random,D7MD,6669.0,0.03333333333333333,0.26666666666666666,-0.23333333333333334
random,D11MS,2607.0,1.0,1.0,0.0
random,D6MS,3861.0,1.0,1.0,0.0
random,D2MS,5465.0,1.0,1.0,0.0
random,D10MS,5429.0,0.5333333333333333,1.0,-0.4666666666666667
random,D6MS,4758.0,1.0,1.0,0.0
random,D6MS,4780.0,1.0,1.0,0.0
random,D5MD,8109.0,0.8333333333333334,0.0,0.8333333333333334
random,D2MS,1005.0,1.0,0.8,0.19999999999999996
random,D6MD,2603.0,1.0,1.0,0.0
random,D4MD,8066.0,1.0,1.0,0.0
random,D2MD,5419.0,1.0,1.0,0.0
random,D2MS,967.0,1.0,1.0,0.0
random,D4MS,5992.0,1.0,1.0,0.0
random,D2MS,6242.0,0.03333333333333333,1.0,-0.9666666666666667
random,D3MS,3187.0,0.7666666666666667,0.06666666666666667,0.7000000000000001
random,D6MS,6831.0,1.0,1.0,0.0
random,D10MS,3134.0,1.0,1.0,0.0
random,D2MS,6274.0,1.0,0.23333333333333334,0.7666666666666666
random,D4MD,2939.0,0.5666666666666667,0.5333333333333333,0.033333333333333326
random,D8MS,7309.0,0.13333333333333333,0.3,-0.16666666666666666
random,D11MS,2894.0,1.0,0.2,0.8
random,D4MD,1845.0,0.5333333333333333,0.6333333333333333,-0.09999999999999998
random,D10MS,5704.0,1.0,1.0,0.0
random,D2MS,746.0,1.0,1.0,0.0
random,D2MD,292.0,0.36666666666666664,0.16666666666666666,0.19999999999999998
random,D1MS,6878.0,0.5333333333333333,0.26666666666666666,0.26666666666666666
random,D3MS,981.0,0.16666666666666666,1.0,-0.8333333333333334
random,D6MS,5520.0,0.8,1.0,-0.19999999999999996
random,D2MS,5277.0,1.0,0.6666666666666666,0.33333333333333337
random,D6MS,3742.0,1.0,1.0,0.0
random,D4MS,765.0,1.0,1.0,0.0
random,D10MS,6496.0,1.0,0.0,1.0
random,D3MS,3412.0,1.0,0.6,0.4
random,D11MS,3405.0,0.23333333333333334,1.0,-0.7666666666666666
random,D10MS,2993.0,1.0,0.7333333333333333,0.2666666666666667
random,D9MD,4626.0,0.23333333333333334,0.06666666666666667,0.16666666666666669
random,D8MD,4518.0,0.1,0.26666666666666666,-0.16666666666666666
random,D6MD,4815.0,1.0,0.03333333333333333,0.9666666666666667
random,D10MS,8273.0,0.26666666666666666,1.0,-0.7333333333333334
random,D4MD,8813.0,0.7,1.0,-0.30000000000000004
random,D11MS,6586.0,1.0,1.0,0.0
random,D2MS,5617.0,0.26666666666666666,0.0,0.26666666666666666
random,D11MS,2640.0,1.0,1.0,0.0
random,D6MS,2348.0,1.0,1.0,0.0
random,D5MD,5956.0,1.0,0.13333333333333333,0.8666666666666667
random,D6MS,4354.0,1.0,1.0,0.0
random,D2MD,7921.0,0.43333333333333335,1.0,-0.5666666666666667
random,D11MS,3042.0,1.0,1.0,0.0
random,D10MS,2018.0,1.0,1.0,0.0
random,D11MS,4005.0,1.0,1.0,0.0
random,D10MS,7073.0,1.0,1.0,0.0
random,D6MS,3873.0,0.9333333333333333,1.0,-0.06666666666666665
random,D10MS,1688.0,0.5666666666666667,0.36666666666666664,0.2
random,D2MS,3311.0,1.0,1.0,0.0
random,D3MD,7875.0,0.3,0.6333333333333333,-0.3333333333333333
random,D10MS,6096.0,1.0,0.7333333333333333,0.2666666666666667
random,D4MS,1982.0,1.0,1.0,0.0
random,D3MD,4590.0,1.0,0.6666666666666666,0.33333333333333337
random,D10MS,8287.0,0.7333333333333333,1.0,-0.2666666666666667
random,D7MS,2712.0,0.43333333333333335,0.0,0.43333333333333335
random,D10MS,6466.0,1.0,0.5,0.5
random,D6MS,6715.0,1.0,1.0,0.0
random,D10MS,8298.0,1.0,1.0,0.0
random,D2MS,2750.0,1.0,1.0,0.0
random,D2MD,3276.0,1.0,0.9333333333333333,0.06666666666666665
random,D2MS,3326.0,1.0,1.0,0.0
random,D4MD,8524.0,1.0,1.0,0.0
random,D4MS,8406.0,1.0,1.0,0.0
random,D2MS,2839.0,1.0,0.5666666666666667,0.43333333333333335
random,D10MS,2247.0,1.0,0.3,0.7
random,D10MS,7210.0,1.0,1.0,0.0
random,D11MD,6882.0,1.0,1.0,0.0
random,D2MS,2765.0,1.0,1.0,0.0
random,D10MS,8519.0,1.0,1.0,0.0
random,D4MD,5299.0,1.0,0.26666666666666666,0.7333333333333334
random,D3MS,6279.0,0.2,1.0,-0.8
random,D1MS,7021.0,0.3333333333333333,1.0,-0.6666666666666667
random,D2MS,3055.0,1.0,1.0,0.0
random,D6MD,4205.0,1.0,1.0,0.0
random,D10MS,3680.0,0.43333333333333335,0.0,0.43333333333333335
random,D3MD,4591.0,1.0,0.6333333333333333,0.3666666666666667
random,D4MS,8464.0,1.0,0.26666666666666666,0.7333333333333334
random,D4MD,8655.0,1.0,1.0,0.0
random,D11MS,7750.0,0.4,0.23333333333333334,0.16666666666666669
random,D4MD,8800.0,0.26666666666666666,1.0,-0.7333333333333334
random,D2MS,1717.0,0.6333333333333333,1.0,-0.3666666666666667
random,D11MS,3647.0,1.0,1.0,0.0
random,D2MD,6340.0,1.0,1.0,0.0
random,D8MS,5984.0,0.16666666666666666,0.1,0.06666666666666665
random,D6MS,4829.0,1.0,0.7666666666666667,0.23333333333333328
random,D11MS,5588.0,1.0,0.3,0.7
random,D1MD,6501.0,0.5,0.16666666666666666,0.33333333333333337
random,D7MD,7712.0,0.5666666666666667,0.13333333333333333,0.43333333333333335
random,D2MD,6624.0,1.0,1.0,0.0
random,D4MD,6593.0,0.8666666666666667,1.0,-0.1333333333333333
random,D8MD,1327.0,0.3333333333333333,0.1,0.2333333333333333
random,D4MD,7838.0,1.0,1.0,0.0
random,D6MD,2211.0,0.9666666666666667,0.0,0.9666666666666667
random,D2MS,6664.0,0.6333333333333333,0.8333333333333334,-0.20000000000000007
random,D11MS,3959.0,1.0,1.0,0.0
random,D2MS,1749.0,1.0,1.0,0.0
random,D11MS,3935.0,1.0,1.0,0.0
random,D4MS,8254.0,0.9666666666666667,1.0,-0.033333333333333326
random,D10MS,2126.0,1.0,1.0,0.0
random,D4MD,2923.0,0.03333333333333333,1.0,-0.9666666666666667
random,D3MS,5830.0,1.0,0.9,0.09999999999999998
random,D9MD,41.0,0.5,0.16666666666666666,0.33333333333333337
random,D4MS,2039.0,1.0,1.0,0.0
random,D10MS,8551.0,1.0,1.0,0.0
random,D4MS,201.0,0.23333333333333334,0.3,-0.06666666666666665
random,D2MS,749.0,1.0,1.0,0.0
random,D5MS,6074.0,0.3333333333333333,0.2,0.1333333333333333
random,D11MS,5274.0,1.0,0.9333333333333333,0.06666666666666665
random,D2MD,6917.0,0.3333333333333333,1.0,-0.6666666666666667
random,D9MD,754.0,0.23333333333333334,0.16666666666666666,0.06666666666666668
random,D4MD,7051.0,1.0,0.03333333333333333,0.9666666666666667
random,D1MS,8746.0,0.3,1.0,-0.7
random,D10MS,7256.0,1.0,1.0,0.0
random,D4MD,2944.0,0.7333333333333333,0.36666666666666664,0.36666666666666664
random,D5MD,5943.0,0.8333333333333334,0.5666666666666667,0.2666666666666667
random,D11MD,6950.0,1.0,1.0,0.0
random,D2MD,3310.0,0.23333333333333334,0.3,-0.06666666666666665
random,D4MS,5988.0,1.0,1.0,0.0
random,D10MS,5932.0,1.0,1.0,0.0
random,D6MS,3887.0,1.0,0.3333333333333333,0.6666666666666667
random,D4MD,6607.0,1.0,1.0,0.0
random,D2MD,3866.0,1.0,1.0,0.0
random,D7MS,6793.0,1.0,0.7333333333333333,0.2666666666666667
random,D10MS,5320.0,0.4666666666666667,1.0,-0.5333333333333333
random,D2MS,1306.0,1.0,0.5,0.5
random,D4MD,7568.0,1.0,0.3,0.7
random,D4MD,8673.0,1.0,0.7333333333333333,0.2666666666666667
random,D2MD,8294.0,1.0,1.0,0.0
random,D2MD,5499.0,0.6333333333333333,1.0,-0.3666666666666667
random,D10MS,8519.0,1.0,1.0,0.0
random,D6MD,5848.0,0.6333333333333333,0.0,0.6333333333333333
random,D11MS,2998.0,1.0,1.0,0.0
random,D6MS,1443.0,1.0,1.0,0.0
random,D4MD,8581.0,1.0,1.0,0.0
random,D4MS,1689.0,1.0,1.0,0.0
random,D10MS,4724.0,0.4,0.03333333333333333,0.3666666666666667
random,D3MD,4576.0,0.9333333333333333,1.0,-0.06666666666666665
random,D11MS,5575.0,1.0,0.7333333333333333,0.2666666666666667
random,D10MS,2051.0,1.0,1.0,0.0
random,D10MS,8551.0,1.0,1.0,0.0
random,D10MS,8743.0,1.0,1.0,0.0
random,D11MS,2774.0,1.0,1.0,0.0
random,D10MS,8760.0,1.0,0.8333333333333334,0.16666666666666663
random,D10MS,2026.0,1.0,1.0,0.0
random,D11MD,201.0,1.0,1.0,0.0
random,D10MS,8294.0,1.0,1.0,0.0
random,D10MS,8563.0,1.0,1.0,0.0
random,D3MS,5831.0,1.0,0.8666666666666667,0.1333333333333333
random,D5MD,5207.0,1.0,0.13333333333333333,0.8666666666666667
random,D3MS,4055.0,0.6666666666666666,1.0,-0.33333333333333337
random,D6MD,2576.0,1.0,1.0,0.0
random,D11MS,4928.0,1.0,1.0,0.0
random,D2MS,8309.0,1.0,1.0,0.0
random,D2MS,1925.0,1.0,1.0,0.0
random,D2MS,3183.0,1.0,1.0,0.0
random,D3MS,3384.0,1.0,1.0,0.0
random,D4MS,2098.0,1.0,0.4,0.6
random,D10MS,6497.0,0.9666666666666667,0.0,0.9666666666666667
random,D10MS,3134.0,1.0,1.0,0.0
random,D3MS,4052.0,0.5666666666666667,1.0,-0.43333333333333335
random,D10MS,6714.0,1.0,1.0,0.0
random,D3MS,7363.0,0.03333333333333333,1.0,-0.9666666666666667
random,D6MD,4188.0,1.0,1.0,0.0
random,D6MS,3836.0,1.0,1.0,0.0
random,D10MS,8353.0,1.0,1.0,0.0
random,D4MD,7816.0,1.0,1.0,0.0
random,D11MD,3376.0,0.13333333333333333,0.8,-0.6666666666666667
random,D3MS,992.0,1.0,0.1,0.9
random,D7MS,3970.0,1.0,0.4,0.6
random,D10MS,2064.0,1.0,1.0,0.0
random,D10MS,6444.0,1.0,1.0,0.0
random,D11MS,3420.0,0.7333333333333333,1.0,-0.2666666666666667
random,D3MS,6389.0,1.0,1.0,0.0
random,D10MS,6723.0,1.0,1.0,0.0
random,D9MD,6059.0,0.7333333333333333,0.23333333333333334,0.49999999999999994
random,D4MS,5983.0,1.0,1.0,0.0
random,D2MS,2644.0,1.0,1.0,0.0
random,D11MS,2121.0,1.0,1.0,0.0
random,D2MD,5515.0,1.0,0.5,0.5
random,D6MD,4789.0,0.2,0.9,-0.7
random,D2MD,5489.0,0.3,1.0,-0.7
random,D10MS,6417.0,1.0,1.0,0.0
random,D10MS,6842.0,1.0,1.0,0.0
random,D2MD,5516.0,1.0,0.4666666666666667,0.5333333333333333
random,D11MS,5587.0,1.0,0.3333333333333333,0.6666666666666667
random,D10MS,7872.0,1.0,0.5666666666666667,0.43333333333333335
random,D6MS,3868.0,0.7666666666666667,1.0,-0.23333333333333328
random,D2MS,1753.0,1.0,1.0,0.0
random,D11MS,6949.0,0.4666666666666667,0.2,0.26666666666666666
random,D2MD,2225.0,0.13333333333333333,0.6,-0.4666666666666667
random,D3MD,2030.0,0.23333333333333334,0.26666666666666666,-0.033333333333333326
random,D3MS,526.0,0.16666666666666666,0.9,-0.7333333333333334
random,D10MS,2946.0,0.4,1.0,-0.6
random,D3MS,6785.0,1.0,1.0,0.0
random,D7MD,5137.0,0.13333333333333333,0.43333333333333335,-0.30000000000000004
random,D11MD,6918.0,1.0,1.0,0.0
random,D1MS,3214.0,0.26666666666666666,0.5666666666666667,-0.3
random,D7MS,8588.0,0.5333333333333333,0.13333333333333333,0.4
random,D2MD,5850.0,1.0,0.0,1.0
random,D10MS,5923.0,1.0,1.0,0.0
random,D2MS,8366.0,1.0,1.0,0.0
random,D11MS,3967.0,1.0,1.0,0.0
random,D6MD,4785.0,0.06666666666666667,1.0,-0.9333333333333333
random,D8MS,5156.0,0.3,0.3,0.0
random,D6MS,4734.0,1.0,1.0,0.0
random,D6MS,4685.0,1.0,1.0,0.0
random,D4MD,8353.0,1.0,1.0,0.0
random,D8MD,788.0,0.23333333333333334,0.3,-0.06666666666666665
random,D11MS,4036.0,1.0,1.0,0.0
random,D11MD,5670.0,0.23333333333333334,0.06666666666666667,0.16666666666666669
random,D11MS,5110.0,1.0,1.0,0.0
random,D11MS,6909.0,0.8333333333333334,0.6666666666666666,0.16666666666666674
random,D10MS,5774.0,1.0,1.0,0.0
random,D6MS,4720.0,1.0,1.0,0.0
random,D6MD,5442.0,0.8666666666666667,1.0,-0.1333333333333333
random,D10MS,7887.0,1.0,0.06666666666666667,0.9333333333333333
random,D4MS,1644.0,0.2,1.0,-0.8
random,D4MD,8506.0,1.0,1.0,0.0
random,D4MD,6440.0,0.9666666666666667,1.0,-0.033333333333333326
random,D4MS,3182.0,1.0,1.0,0.0
random,D2MD,1376.0,0.03333333333333333,0.6666666666666666,-0.6333333333333333
random,D11MS,5468.0,1.0,1.0,0.0
random,D2MD,2609.0,1.0,0.5666666666666667,0.43333333333333335
random,D2MD,7914.0,0.2,1.0,-0.8
random,D2MD,5708.0,0.4,1.0,-0.6
random,D5MD,8405.0,0.6666666666666666,0.4,0.2666666666666666
random,D3MS,5804.0,0.5,1.0,-0.5
random,D6MS,2401.0,1.0,1.0,0.0
random,D2MS,6298.0,0.3,0.43333333333333335,-0.13333333333333336
random,D2MD,5405.0,1.0,1.0,0.0
random,D4MS,965.0,0.4666666666666667,0.16666666666666666,0.30000000000000004
random,D2MD,7918.0,0.6,1.0,-0.4
random,D2MD,8002.0,1.0,1.0,0.0
random,D6MS,1493.0,1.0,1.0,0.0
random,D2MS,3967.0,1.0,0.5,0.5
random,D3MD,3709.0,0.3333333333333333,0.1,0.2333333333333333
random,D10MS,5723.0,1.0,1.0,0.0
random,D7MS,822.0,0.03333333333333333,0.5666666666666667,-0.5333333333333333
random,D2MS,1730.0,1.0,1.0,0.0
random,D2MS,7161.0,0.6333333333333333,0.0,0.6333333333333333
random,D4MS,6066.0,1.0,1.0,0.0
random,D2MD,5469.0,1.0,0.36666666666666664,0.6333333333333333
random,D4MD,7668.0,1.0,1.0,0.0
random,D10MS,8556.0,1.0,1.0,0.0
random,D3MS,6755.0,1.0,1.0,0.0
random,D11MS,3668.0,1.0,1.0,0.0
random,D2MS,1906.0,1.0,1.0,0.0
random,D2MS,1873.0,0.23333333333333334,1.0,-0.7666666666666666
random,D6MS,4691.0,1.0,1.0,0.0
random,D2MS,814.0,1.0,1.0,0.0
random,D5MD,1654.0,0.6333333333333333,0.06666666666666667,0.5666666666666667
random,D10MS,7106.0,1.0,1.0,0.0
random,D4MD,6740.0,0.7,1.0,-0.30000000000000004
random,D4MD,8868.0,1.0,1.0,0.0
random,D11MS,2976.0,1.0,1.0,0.0
random,D10MS,5521.0,1.0,1.0,0.0
random,D10MS,6881.0,0.16666666666666666,1.0,-0.8333333333333334
random,D11MS,2665.0,1.0,1.0,0.0
random,D7MS,1658.0,0.5,0.0,0.5
random,D7MS,3778.0,1.0,1.0,0.0
random,D2MS,7587.0,0.36666666666666664,1.0,-0.6333333333333333
random,D11MS,3695.0,1.0,0.1,0.9
random,D2MD,8294.0,1.0,1.0,0.0
random,D10MS,7085.0,1.0,1.0,0.0
random,D4MS,656.0,1.0,1.0,0.0
random,D2MS,7590.0,0.4666666666666667,0.9333333333333333,-0.4666666666666667
random,D11MS,3972.0,1.0,1.0,0.0
random,D10MD,6587.0,0.26666666666666666,0.0,0.26666666666666666
random,D2MD,4422.0,0.6666666666666666,0.5,0.16666666666666663
random,D2MS,7476.0,0.03333333333333333,0.4,-0.3666666666666667
random,D10MS,4923.0,0.36666666666666664,0.4666666666666667,-0.10000000000000003
random,D9MD,6790.0,1.0,0.36666666666666664,0.6333333333333333
random,D10MS,2563.0,1.0,1.0,0.0
random,D2MD,3716.0,0.8333333333333334,0.3333333333333333,0.5
random,D4MS,1898.0,1.0,1.0,0.0
random,D2MD,1021.0,0.3,0.16666666666666666,0.13333333333333333
random,D3MS,882.0,0.4666666666666667,0.5666666666666667,-0.09999999999999998
random,D4MD,8849.0,1.0,1.0,0.0
random,D10MS,2241.0,0.9666666666666667,0.0,0.9666666666666667
random,D4MD,2945.0,0.7666666666666667,0.3333333333333333,0.4333333333333334
random,D3MD,5945.0,0.7,0.0,0.7
random,D10MS,8418.0,1.0,1.0,0.0
random,D4MD,6998.0,1.0,1.0,0.0
random,D10MS,6101.0,1.0,0.5666666666666667,0.43333333333333335
random,D11MS,4969.0,1.0,1.0,0.0
random,D8MS,5834.0,0.03333333333333333,0.23333333333333334,-0.2
random,D11MD,14.0,0.43333333333333335,1.0,-0.5666666666666667
random,D10MS,1949.0,0.9666666666666667,1.0,-0.033333333333333326
random,D11MS,3646.0,1.0,0.9666666666666667,0.033333333333333326
random,D1MS,4941.0,0.8333333333333334,0.03333333333333333,0.8
random,D10MD,8298.0,0.6,0.9,-0.30000000000000004
random,D2MS,1722.0,0.8,1.0,-0.19999999999999996
random,D4MD,7847.0,1.0,1.0,0.0
random,D2MS,5456.0,1.0,1.0,0.0
random,D2MD,7396.0,1.0,1.0,0.0
random,D3MS,4837.0,0.8666666666666667,0.0,0.8666666666666667
random,D4MS,2017.0,1.0,1.0,0.0
random,D4MD,2184.0,0.9,0.4666666666666667,0.43333333333333335
random,D10MS,8557.0,1.0,1.0,0.0
random,D5MS,4957.0,0.5,0.03333333333333333,0.4666666666666667
random,D3MS,872.0,0.13333333333333333,0.9,-0.7666666666666667
random,D2MD,4964.0,0.3,1.0,-0.7
random,D11MS,8360.0,1.0,1.0,0.0
random,D2MS,2618.0,1.0,1.0,0.0
random,D6MD,2640.0,1.0,1.0,0.0
random,D1MS,7060.0,1.0,0.16666666666666666,0.8333333333333334
random,D10MS,5309.0,0.1,1.0,-0.9
random,D7MS,6775.0,0.7333333333333333,1.0,-0.2666666666666667
random,D11MS,3958.0,1.0,1.0,0.0
random,D4MS,629.0,1.0,1.0,0.0
random,D6MD,3518.0,0.23333333333333334,1.0,-0.7666666666666666
random,D7MS,893.0,0.43333333333333335,1.0,-0.5666666666666667
random,D4MD,6469.0,1.0,1.0,0.0
random,D10MS,2563.0,1.0,1.0,0.0
random,D6MS,4610.0,1.0,1.0,0.0
random,D3MS,7412.0,1.0,1.0,0.0
random,D7MS,8589.0,0.5,0.1,0.4
random,D7MS,6332.0,1.0,0.5333333333333333,0.4666666666666667
random,D11MS,3075.0,1.0,1.0,0.0
random,D10MS,1519.0,0.2,0.4,-0.2
random,D10MS,7856.0,1.0,1.0,0.0
random,D2MD,6939.0,1.0,1.0,0.0
random,D2MS,2131.0,1.0,0.43333333333333335,0.5666666666666667
random,D2MS,3101.0,1.0,1.0,0.0
random,D6MD,4211.0,1.0,0.9333333333333333,0.06666666666666665
random,D6MS,3791.0,1.0,1.0,0.0
random,D3MS,995.0,0.6333333333333333,0.8333333333333334,-0.20000000000000007
random,D10MS,8377.0,1.0,1.0,0.0
random,D3MS,6910.0,1.0,0.7333333333333333,0.2666666666666667
random,D10MS,5439.0,0.8666666666666667,1.0,-0.1333333333333333
random,D3MS,8000.0,0.8666666666666667,1.0,-0.1333333333333333
random,D6MD,4834.0,0.03333333333333333,1.0,-0.9666666666666667
random,D10MS,7039.0,1.0,1.0,0.0
random,D11MS,8453.0,1.0,1.0,0.0
random,D4MS,8242.0,0.5666666666666667,1.0,-0.43333333333333335
random,D4MS,5978.0,1.0,1.0,0.0
random,D11MS,2807.0,1.0,1.0,0.0
random,D2MS,2589.0,0.8333333333333334,1.0,-0.16666666666666663
random,D11MS,3567.0,1.0,1.0,0.0
random,D10MS,8751.0,1.0,1.0,0.0
random,D11MS,6611.0,1.0,1.0,0.0
random,D10MS,8370.0,1.0,1.0,0.0
random,D11MD,247.0,1.0,0.9666666666666667,0.033333333333333326
random,D2MS,3901.0,1.0,1.0,0.0
random,D11MS,2921.0,1.0,1.0,0.0
random,D11MS,2586.0,1.0,1.0,0.0
random,D10MS,6906.0,1.0,0.8666666666666667,0.1333333333333333
random,D1MD,4546.0,0.7333333333333333,1.0,-0.2666666666666667
random,D2MS,8542.0,1.0,0.7,0.30000000000000004
random,D6MS,4808.0,1.0,0.4,0.6
random,D3MD,3706.0,0.23333333333333334,0.2,0.033333333333333326
random,D6MD,4838.0,0.16666666666666666,1.0,-0.8333333333333334
random,D7MS,923.0,1.0,0.2,0.8
random,D11MS,6630.0,1.0,0.6333333333333333,0.3666666666666667
random,D2MS,3307.0,1.0,1.0,0.0
random,D11MD,140.0,1.0,1.0,0.0
random,D2MS,3120.0,1.0,1.0,0.0
random,D2MS,3103.0,1.0,1.0,0.0
random,D6MD,5554.0,1.0,1.0,0.0
random,D4MS,8662.0,0.8,0.26666666666666666,0.5333333333333334
random,D3MS,6745.0,1.0,1.0,0.0
random,D6MD,2556.0,0.5,1.0,-0.5
random,D2MD,6578.0,1.0,1.0,0.0
random,D6MS,6654.0,1.0,1.0,0.0
random,D10MS,5383.0,1.0,1.0,0.0
random,D10MS,2086.0,1.0,1.0,0.0
random,D4MD,8495.0,1.0,1.0,0.0
random,D10MS,8710.0,1.0,1.0,0.0
random,D6MS,3888.0,1.0,1.0,0.0
random,D10MS,2201.0,0.06666666666666667,1.0,-0.9333333333333333
random,D10MS,5368.0,1.0,1.0,0.0
random,D6MS,3967.0,1.0,0.9333333333333333,0.06666666666666665
random,D2MS,968.0,1.0,1.0,0.0
random,D2MS,1903.0,1.0,1.0,0.0
random,D4MS,8254.0,0.9666666666666667,1.0,-0.033333333333333326
random,D3MS,6872.0,1.0,1.0,0.0
random,D10MS,8462.0,1.0,1.0,0.0
random,D11MS,3560.0,0.2,1.0,-0.8
random,D4MD,8320.0,1.0,1.0,0.0
random,D11MS,4688.0,0.1,0.3333333333333333,-0.2333333333333333
random,D6MS,3772.0,0.26666666666666666,0.13333333333333333,0.13333333333333333
random,D10MS,2515.0,0.9666666666666667,0.0,0.9666666666666667
random,D6MS,4720.0,1.0,1.0,0.0
random,D4MS,678.0,1.0,1.0,0.0
random,D10MS,8573.0,1.0,1.0,0.0
random,D4MS,8398.0,1.0,1.0,0.0
random,D4MD,8379.0,1.0,1.0,0.0
random,D10MS,2572.0,1.0,1.0,0.0
random,D2MS,1813.0,1.0,0.36666666666666664,0.6333333333333333
random,D10MS,5605.0,0.9666666666666667,0.0,0.9666666666666667
random,D11MS,6630.0,1.0,0.6333333333333333,0.3666666666666667
random,D4MD,6608.0,1.0,1.0,0.0
random,D11MS,6494.0,1.0,0.2,0.8
random,D3MS,3427.0,1.0,0.1,0.9
random,D4MD,8280.0,1.0,1.0,0.0
random,D6MS,4646.0,1.0,1.0,0.0
random,D6MS,4587.0,0.5666666666666667,1.0,-0.43333333333333335
random,D2MD,5056.0,1.0,0.5333333333333333,0.4666666666666667
random,D10MS,2204.0,1.0,1.0,0.0
random,D4MD,2003.0,0.7,0.43333333333333335,0.2666666666666666
random,D8MS,716.0,0.3,0.1,0.19999999999999998
random,D5MD,8418.0,0.9666666666666667,0.0,0.9666666666666667
random,D6MS,6588.0,1.0,1.0,0.0
random,D3MS,7465.0,1.0,1.0,0.0
random,D10MS,8675.0,1.0,1.0,0.0
random,D6MS,4575.0,0.16666666666666666,1.0,-0.8333333333333334
random,D2MS,3341.0,1.0,1.0,0.0
random,D6MS,4467.0,1.0,0.8333333333333334,0.16666666666666663
random,D7MS,7791.0,1.0,0.2,0.8
random,D11MS,2804.0,1.0,1.0,0.0
random,D2MD,5803.0,1.0,1.0,0.0
random,D10MS,8282.0,0.7333333333333333,1.0,-0.2666666666666667
random,D10MS,2745.0,1.0,0.43333333333333335,0.5666666666666667
random,D6MS,6567.0,0.9,1.0,-0.09999999999999998
random,D10MS,2129.0,1.0,1.0,0.0
random,D6MS,6975.0,1.0,1.0,0.0
random,D6MD,3575.0,1.0,0.4666666666666667,0.5333333333333333
random,D11MS,2195.0,0.26666666666666666,0.7,-0.4333333333333333
random,D10MS,1974.0,1.0,1.0,0.0
random,D4MD,8298.0,1.0,1.0,0.0
random,D10MS,8544.0,1.0,1.0,0.0
random,D4MD,1605.0,0.8666666666666667,0.2,0.6666666666666667
random,D3MS,4064.0,0.9666666666666667,1.0,-0.033333333333333326
random,D11MS,2711.0,1.0,1.0,0.0
random,D6MD,4937.0,1.0,1.0,0.0
random,D2MD,8045.0,0.7666666666666667,0.03333333333333333,0.7333333333333334
random,D1MS,7058.0,1.0,0.23333333333333334,0.7666666666666666
random,D3MS,6913.0,1.0,0.6333333333333333,0.3666666666666667
random,D2MD,6410.0,0.7,0.5333333333333333,0.16666666666666663
random,D11MS,2820.0,1.0,1.0,0.0
random,D4MD,7856.0,1.0,1.0,0.0
random,D5MD,5951.0,0.43333333333333335,0.3,0.13333333333333336
random,D10MS,6291.0,0.23333333333333334,1.0,-0.7666666666666666
random,D7MS,900.0,0.6666666666666666,0.9666666666666667,-0.30000000000000004
random,D11MS,5402.0,0.3333333333333333,1.0,-0.6666666666666667
random,D7MS,5423.0,0.5333333333333333,0.0,0.5333333333333333
random,D7MS,4977.0,1.0,0.36666666666666664,0.6333333333333333
random,D3MS,6867.0,1.0,1.0,0.0
random,D10MS,3047.0,1.0,1.0,0.0
random,D7MS,4945.0,0.23333333333333334,1.0,-0.7666666666666666
random,D6MS,1660.0,1.0,0.8333333333333334,0.16666666666666663
random,D2MD,1205.0,0.7666666666666667,0.0,0.7666666666666667
random,D10MS,8318.0,1.0,1.0,0.0
random,D4MD,7796.0,0.9666666666666667,1.0,-0.033333333333333326
random,D11MD,6.0,0.16666666666666666,1.0,-0.8333333333333334
random,D6MD,2556.0,0.5,1.0,-0.5
random,D11MS,4929.0,1.0,1.0,0.0
random,D4MS,5813.0,1.0,0.13333333333333333,0.8666666666666667
random,D10MS,8437.0,1.0,1.0,0.0
random,D11MS,5083.0,1.0,1.0,0.0
random,D8MS,5839.0,0.2,0.06666666666666667,0.13333333333333336
random,D2MD,8324.0,1.0,1.0,0.0
random,D11MS,3602.0,1.0,1.0,0.0
random,D5MS,2153.0,1.0,0.9666666666666667,0.033333333333333326
random,D2MS,2626.0,1.0,1.0,0.0
random,D11MS,2112.0,1.0,1.0,0.0
random,D2MD,6095.0,0.5666666666666667,0.7666666666666667,-0.20000000000000007
random,D2MD,8027.0,1.0,1.0,0.0
random,D11MS,5209.0,1.0,1.0,0.0
random,D11MS,5516.0,1.0,1.0,0.0
random,D10MS,6909.0,1.0,0.7666666666666667,0.23333333333333328
